H2O2.up,H2O2.down,low.C,low.N,low.P,low.S,aerobic,aerobic.only,anaerobic,anaerobic.only,anaerobic.C.CO2.up,anaerobic.C.CO2.down,aerobic.N.CO2.up,aerobic.N.CO2.down,aerobic.C.CO2.up,aerobic.C.CO2.down,glucose,nitrogen,ethanol,pressure,alkaline,acid.up,acid.down,12C.Clim.up,12C.Clim.down,12C.Nlim.up,12C.Nlim.down,12C.CNlim.up,12C.CNlim.down,dry.up4,dry.down4,dry.up5,dry.down5,dry.up,dry.down,200MPa.up,200MPa.down,40MPa.up,40MPa.down,180MPa.up,180MPa.down,Clim.aerobic.up,Clim.aerobic.down,Clim.anaerobic.up,Clim.anaerobic.down,acid.up,acid.down,base.down,base.up,15C.1h,15C.5h,15C.1h.down,15C.5h.down,N.limited,C.limited,pressure,pressure.down,heat,heat.down,acid.up.an,acid.down.an,acid.an,base.an,base.up.an,base.down.an
Sce,Sce,Sce,Sce,Sce,Sce,Sce,Sce,Sce,Sce,Sce,Sce,Sce,Sce,Sce,Sce,Sce,Sce,Sce,Sce,Sce,Sce,Sce,Sce,Sce,Sce,Sce,Sce,Sce,Sce,Sce,Sce,Sce,Sce,Sce,Sce,Sce,Sce,Sce,Sce,Sce,Sce,Sce,Sce,Sce,Eco,Eco,Eco,Eco,Eco,Eco,Eco,Eco,Eco,Eco,Eco,Eco,Eco,Eco,Eco,Eco,Eco,Eco,Eco,Eco
GLL+98,GLL+98,BWP+03,BWP+03,BWP+03,BWP+03,LLD+99,LLD+99,LLD+99,LLD+99,APW+05,APW+05,APW+05,APW+05,APW+05,APW+05,KDF+06,KDF+06,AAD+01,FDK+04,SRB+02,SMM+04,SMM+04,TDW+07,TDW+07,TDW+07,TDW+07,TDW+07,TDW+07,SKR+05,SKR+05,SKR+05,SKR+05,SKR+05,SKR+05,FDK+04,FDK+04,ISO+03,ISO+03,ISO+03,ISO+03,TBD+05,TBD+05,TBD+05,TBD+05,MYB+05,MYB+05,MYB+05,MYB+05,PI04,PI04,PI04,PI04,HYO+04,HYO+04,IOS+05,IOS+05,RGM+99,RGM+99,TWS+06,TWS+06,TWS+06,TWS+06,TWS+06,TWS+06
YKR066C,YMR186W,YBR116C,YIR028W,YAR071W,YFL055W,YOR388C,YOR388C,YMR319C,YMR319C,YBL074C,YLR109W,YGL263W,YGR035C,YPL265W,YDL214C,YBL015W,YIR031C,YCL040W,YCR021C,YOR374W,YCR021C,YML123C,YLR168C,YAL039C,YAR028W,RPR1,YAL007C,YAL062W,NA,NA,YOR388C,YLR342W,YOR388C,YLR342W,YDL204W,YMR174C,YGL075C,YDL227C,YBR072W,YHR128W,YLR307W,YLR179C,YLR089C,YLR297W,yagU,fliC,tnaC,yifO,aer,cheW,fecA,tas,dapB,paaK,242.1,(fimD),b3686,b2779,gadA,ompF,hycA,cpxP,gadA,tdcB
YGR088W,YLL024C,YBR117C,YJL172W,YCR098C,YGR087C,YPL275W,YPL275W,YPR194C,YPR194C,YAR062W,YOL082W,YLL062C,YKL162C,YKR097W,YOR388C,YAL054C,YHR018C,YFR053C,YFL014W,YPL061W,YER150W,YEL046C,YLR132C,YAL060W,YAR033W,SUC4,YAL025C,YBL042C,NA,NA,YMR175W,YGR234W,YMR175W,YGR234W,YER067W,YPL131W,YER103W,YHR215W,YGR142W,YAR028W,YLR284C,YLR108C,YLR038C,YLR306W,yhcN,malM,lamB,ymgD,atoE,cheY,fecB,artP,glnD,aroF,246.1,(gltD),b3687,b1887,aidB,proV,adiC,b3913,cpxP,srlA
YPL091W,YAL003W,YCR010C,YJR152W,YDR281C,YIL166C,YPL276W,YPL276W,YIR019C,YIR019C,YIL059C,YOR153W,YPL187W,YIR028W,YGL263W,YMR175W,YDL124W,YLR155C,YDR516C,YLR178C,YOR095C,YPL058C,YLR355C,YLR134W,YAL069W,YAR075W,YAL028W,YAL059W,YBL048W,NA,NA,YKL107W,YGR138C,YKL107W,YGR138C,YCR021C,YDL214C,YER098W,YAR071W,YER103W,YBR153W,YLR194C,YLL028W,YLL041C,YLR246W,sdhC,malK,malK,tnaC,dctA,dcuA,fecC,trpB,asnB,pckA,246.2,(yagR),b2592,b2286,yhiM,yfdI,hycE,sdhC,b3913,tdcD
YJR104C,YOR133W,YDL085W,YKR034W,YHR136C,YLL056C,YDR256C,YDR256C,YHL042W,YHL042W,YFR026C,NA,YHL042W,YKL198C,YHR216W,YBR072W,YDR516C,YGL252C,YIL107C,YGR088W,YEL071W,YHR087W,YKR039W,YLR108C,YAR035W,YBL039C,YAL061W,YAR003W,YBL049W,NA,NA,YPL276W,YLR367W,YPL276W,YLR367W,YFL014W,YJL150W,YCR039C,YGL089C,YLR058C,YDR009W,YLR174W,YKR093W,YKL148C,YLR211C,lysP,lamB,malM,cpxP,fabB,dmsC,fecE,leu,serC,tnaA,aceA,(yagR),b0473,b1782,adiC,borD,adiA,mutL,bdm,srlB
YHR008C,YLR249W,YDR256C,YMR088C,NA,YLL057C,YHR096C,YHR096C,YHR210C,YHR210C,YFL050C,NA,YFL031W,YJL213W,YAR073W,YML122C,YNL134C,YMR215W,YJL052W,YOL052C-A,YIL162W,YDL204W,YGR159C,YLR065C,YAR068W,YBR029C,YAR044W,YAR069C,YBL075C,NA,NA,YBL075C,YBR092C,YBL075C,YBR092C,YER150W,YOL013C,YDL107W,YBR054W,YDR445C,YDR012W,YKR091W,YKL043W,YJR158W,YLR214W,sdhD,malP,yjiY,tnaA,glnH,flg,fepC,pur,trpE,glpK,aceB,465.5,b3400,b0572,sufB,sdaC,citE,proV,rmf,cadB
YDR353W,YKR059W,YDR384C,YPR194C,NA,YLL058W,YNL195C,YNL195C,YGL162W,YGL162W,YMR320W,NA,YAR075W,YAR068W,YOL162W,YDR070C,YML128C,YKR043C,YDL021W,YBR072W,YDR178W,YOL052C-A,YBL042C,YLR036C,YBR019C,YBR142W,YBL007C,YAR073W,YBL084C,NA,NA,YJR095W,YHR092C,YJR095W,YHR092C,YDR070C,YMR282C,YPL030W,YBR092C,YLR162W,YDR399W,YKR067W,YKL062W,YJR048W,YLR226W,cfa,motB,nmpC,nmpC,malE,fli,fimD,pyr,astD,aceA,aslB,467.1,b4131,b2945,gadC,sdhD,yagU,borD,gadB,mdtJ
YLR043C,YEL034W,YER024W,NA,NA,YOL162W,YGR110W,YGR110W,YHL044W,YHL044W,YNR075W,NA,NA,YJL153C,YAR075W,YGR256W,YLR286C,YDR033W,YAL038W,YBR054W,YCR005C,YBR072W,YLR056W,YKR079C,YBR054W,YBR145W,YBL029W,YBL028C,YBR001C,NA,NA,YMR118C,YDR044W,YMR118C,YDR044W,YOR390W,YDL208W,YBR072W,YBR093C,YDR259C,YDR498C,YKR075C,YKL209C,YAR075W,YLR227C,nemA,cheA,malP,treB,malF,frdA,kgtP,leuA,astA,aceK,betT,576.14,b4143,b0411,adiA,nmpC,citD,yfdI,gadC,srlD
YML028W,YJR123W,YGL205W,NA,NA,YOL163W,YCR010C,YCR010C,YOL015W,YOL015W,YHR032W,NA,NA,YHR094C,YER053C,YNL036W,YNL079C,YNL030W,YMR170C,YHR053C,YBR296C,YER053C,YAL067C,YKR043C,YBR068C,YBR185C,YBL078C,YBL065W,YBR050C,NA,NA,YJL045W,YHR063C,YJL045W,YHR063C,YLR178C,YJL010C,YPL204W,YBR158W,YLL026W,YGL028C,YKR076W,YJR030C,YIL070C,YLR119W,yhcN,cheZ,tnaA,yjiY,malK,frdB,lgt,leuC,astC,sdhC,deaD,ansB,b4142,b2313,sufC,b2974,hydN,yccA,gadE,srlE
YCL035C,YPR010C,YGR043C,NA,NA,YOL164W,YDL218W,YDL218W,YJR047C,NA,YFR055W,NA,NA,YPL058C,YLL062C,YPL171C,YPL276W,YNL031C,YOR374W,YHR055C,YHR215W,YFR053C,YLR180W,YKR051W,YBR069C,YBR189W,YBL106C,YBR034C,YBR053C,NA,NA,YPL223C,YLR342W,YPL223C,YLR342W,YHR087W,YHR141C,YNL049C,YBR296C,YBR012W-,YGR103W,YKR049C,YJL213W,YHR216W,YLR098C,yagU,flxA,malE,treC,malM,frdD,lolA,leuB,oat,sdhB,dhnA,appY,b3932,b1903,slp,pppA,yeiA,ymgB,ymgB,lacA
YDR453C,YLR340W,YGR236C,NA,NA,NA,YPL223C,NA,YJR150C,NA,YAR073W,NA,NA,YNL036W,YBR302C,YEL041W,YMR145C,YDR174W,YBR126C,YHR008C,YML123C,YHR104W,YDR039C,YKR060W,YBR092C,YBR247C,YBR026C,YBR040W,YBR056W,NA,NA,YPL201C,YEL040W,YPL201C,YEL040W,YHR092C,YBR173C,YFL014W,YCR103C,YDR258C,YHR136C,YKR009C,YJL212C,YHR051W,YLR051C,fliC,malE,borD,b3913,manY,glpQ,msbA,leuD,asd,aldA,dnaX,arcL,b1967,b1132,cbpM,NA,gatD,ymgD,ycfS,tdcC
YLR109W,YDR382W,YHR096C,NA,NA,NA,YJR095W,NA,YML083C,NA,YPR194C,NA,NA,YHR140W,YML132W,YFL014W,YOR374W,YDR225W,YML100W,YMR251W-A,YJL012C,YNL160W,YIL053W,YKL014C,YBR116C,YBR249C,YBR063C,YBR104W,YBR072W,NA,NA,YOR100C,YNL066W,YOR100C,YNL066W,YGR008C,YML092C,YGR286C,YDR278C,YDR516C,YHR143W,YKL026C,YIL111W,YHR001W,YLR022C,fimA,malQ,cpxP,yifO,manZ,glpT,nlpD,pyrB,glnA,fumC,fdnH,cadA,b3401,b1076,gadB,NA,gatC,glpD,yjbJ,gatD
YOL151W,YDL229W,YIL057C,NA,NA,NA,YMR303C,NA,YBR085W,NA,YGL101W,NA,NA,YHR124W,YER187W,YER103W,YGL205W,YOR144C,YMR105C,YKL150W,YPL019C,YOL084W,YLR419W,YKL011C,YBR117C,YBR258C,YBR066C,YBR171W,YBR085C,NA,NA,YDR524C-B,YER131W,YDR524C-B,YER131W,YGR088W,YLR454W,YER042W,YGL028C,YBR209W,YIL064W,YKL093W,YHR210C,YHR005C,YLL053C,cfa,cheW,treB,borD,nupC,hybA,oppB,pyrC,argC,fadD,fruB,cadB,b0014,b0523,narH,NA,yeiT,ycfS,osmB,fimA
YML078W,YNL209W,YIL160C,NA,NA,NA,YGR236C,NA,YOR010C,NA,YBR108W,NA,NA,YPL265W,YFR020W,YDR260C,YER015W,YKR046C,YDR001C,YHR092C,YER072W,YGR088W,YER055C,YKL055C,YBR212W,YCL002C,YBR081C,YBR183W,YBR099C,NA,NA,YPR001W,YGR203W,YPR001W,YGR203W,YDL077C,YIL136W,YGR142W,YGR108W,YDR511W,YIL129C,YKL107W,YHR179W,YGR027C,YLL052C,gltB,ibpB,yghJ,tnaB,rbsA,hybB,oppC,pyrD,lysC,gatD,fruK,cbpA,b4171,b2508,cbpA,NA,cadB,dctA,glpD,hycA
YMR173W,YJR121W,YJR095W,NA,NA,NA,YHR139C,NA,YER011W,NA,YMR020W,NA,NA,YNL202W,YDR309C,YNL335W,YKR009C,YPL117C,YDR074W,YGR008C,YLR303W,YBR183W,YLR175W,YKL132C,YCL035C,YCL036W,YBR119W,YBR238C,YBR169C,NA,NA,YNL117W,YER055C,YNL117W,YER055C,YNL194C,YNR008W,YKL115C,YHR048W,YNL045W,YIL133C,YKL138C,YHR048W,YGL147C,YKR035C,ydiY,yhjH,yjiX,ycfS,rbsB,hybC,plsX,pyrE,phoH,yfcX,glpA,cinA,b4140,b4117,gadE,NA,adiY,tgt,katE,cadA
YLL026W,YKL056C,YKL217W,NA,NA,NA,YPR151C,NA,YKR053C,NA,YOL031C,NA,NA,YOR273C,YAR029W,YJR109C,YIL160C,YLR229C,YKR058W,YDR342C,YKL001C,YER067W,YLR300W,YKL128C,YCR005C,YCL055W,YBR126C,YCL059C,YBR294W,NA,NA,YMR085W,YGL012W,YMR085W,YGL012W,YML128C,YJL005W,YDL171C,YHR143W,YFL032W,YJL051W,YKL171W,YHR049W,YGL162W,YKL201C,ycdN,htpG,fecB,yghJ,rbsC,hypB,potA,purA,gadB,malT,glpB,dcuB,b3179,b0973,mdtE,NA,cadA,yeaC,mutL,fimC
YFL014W,YLR179C,YLR174W,NA,NA,NA,YMR107W,NA,YER188W,NA,YNL158W,NA,NA,YPL095C,YLR343W,YGL156W,YIL155C,YOR375C,YEL011W,YDR343C,YGL037C,YLR178C,YNL300W,YKL125W,YCR018C,YCL074W,YBR139W,YCR044C,YBR298C,NA,NA,YKL050C,YAL012W,YKL050C,YAL012W,YDR342C,YDR150W,YDR506C,YLL044W,YKR011C,YKL037W,YKL187C,YGR192C,YGL191W,YKR086W,yncD,deoC,ompF,ymgD,rbsD,hypE,potB,purB,ugd,malS,glpD,deoC,b3498,b2476,narG,NA,mdtJ,yebE,NA,ykgA
YBR072W,YPR074C,YLR377C,NA,NA,NA,YMR118C,NA,YCL025C,NA,YPL245W,NA,NA,YOL052C-A,YGL162W,YDL021W,YMR303C,YPR035W,YFR015C,YGR060W,YML106W,YBR054W,YGL255W,YKL154W,YCR073W,YCR034W,YBR150C,YCR089W,YBR299W,NA,NA,YDL214C,YPR074C,YDL214C,YPR074C,YOL052C-A,YKL108W,YBR067C,YLR339C,YBL078C,YKL178C,YJR156C,YGR125W,YGL187C,YKR104W,mqo,pstS,treC,yccA,sanA,nupG,potC,purC,fcl,aldB,glpK,dmsA,b0582,b2297,yegP,NA,aidB,htpX,NA,argO
YDR171W,YOL086C,YMR107W,NA,NA,NA,YLR174W,NA,YPL265W,NA,YIL141W,NA,NA,YKL178C,YMR024W,YOL153C,YBR145W,YER133W,YPR160W,YDL021W,YPL057C,YFL029C,YDR399W,YJR069C,YDL033C,YCR060W,YBR180W,YCR100C,YCL025C,NA,NA,YDR256C,YLR342W,YDR256C,YLR342W,YNL266W,YNL268W,YGR128C,YOR024W,YGR180C,YLR218C,YJR109C,YGR041W,YFR033C,YKR063C,dhaH,dnaK,fecA,yfiA,trg,ompC,proP,purD,gmd,fadA,glpQ,dmsB,b3399,b1888,ybaS,NA,yhiM,malM,NA,nrfB
YPL240C,YPL061W,YMR118C,NA,NA,NA,YPL201C,NA,YDL241W,NA,YPL124W,NA,NA,YJR148W,YIR043C,YBR169C,YCL040W,YMR083W,YKL035W,YHR215W,YLR056W,YAL061W,YKR093W,YJR073C,YDL085W,YCR087C,YBR208C,YDR045C,YCL065W,NA,NA,YNR064C,YGR234W,YNR064C,YGR234W,YDR343C,YJR069C,YJR133W,YOR273C,YDL173W,YMR119W,YJR094C,YGL065C,YEL024W,YKR050W,cheA,tar,pstS,yebE,xylF,ompT,proV,NA,mqo,fadB,glpT,dpaL,b2394,b4115,cfa,NA,appC,oppB,NA,tdcF
YCL043C,YHR174W,YMR175W,NA,NA,NA,YDR380W,NA,YBL029W,NA,YOR226C,NA,NA,YPL171C,YIR039C,YER062C,YFR053C,YKL152C,YDL022W,YOR374W,YOL165C,YBL015W,YBR043C,YJR054W,YDL223C,YCR099C,YBR214W,YDR174W,YCR021C,NA,NA,YPL017C,YHR049W,YPL017C,YHR049W,YOR220W,YGR223C,YNL248C,YAL064W,YBR284W,YMR147W,YJR095W,YFL026W,YDR529C,YKR060W,motB,yjdA,b3913,yjiX,ybeJ,tap,proW,NA,gabT,udhA,mgtA,dps,b3931,b1676,hyaF,NA,appB,aceA,NA,ompF
YAL005C,YLR044C,YMR206W,NA,NA,NA,YMR058W,NA,YDR044W,NA,YDR033W,NA,NA,YGR150C,YLR179C,YNR002C,YKL127W,YLR044C,YER062C,YFR053C,YCR107W,YCL040W,YLR372W,YJR055W,YDR046C,YDL014W,YBR285W,YDR184C,YCR068W,NA,NA,YGL205W,YNR014W,YGL205W,YNR014W,YNL200C,YCR026C,YML104C,YBL053W,YPR040W,YNL141W,YJR096W,YFL025C,YDR342C,YKR023W,NA,dnaJ,fecE,nrdD,adhE,tar,proX,NA,gadA,manX,oppD,fimA,b0015,b2497,ygeW,NA,ygeW,bdm,NA,gatC
YBL075C,YFL045C,YMR303C,NA,NA,NA,YBR047W,NA,YLR413W,NA,YCR063W,NA,NA,YOR313C,YBR208C,YDL049C,YMR125W,YLR134W,YML070W,YOR178C,YFL056C,YMR169C,YAL059W,YJL025W,YDR070C,YDL066W,YBR296C,YDR222W,YCR098C,NA,NA,YJL153C,YGL157W,YJL153C,YGL157W,YOL101C,YIL134W,YPL040C,YBL099W,YNL017C,YNL168C,YJR019C,YER124C,YDR178W,YKR028W,NA,yrfG,NA,dniR,agp,ackA,secG,NA,sfsA,manY,phoB,fimD,b3816,b3114,gadW,NA,ykgA,b1172,NA,yagU
YKL145W,YJR009C,YNL195C,NA,NA,NA,YML054C,NA,NA,NA,YCR087C-A,NA,NA,YJL037W,YOL033W,YNL115C,YNL117W,YJR009C,YCR005C,YMR169C,YBR158W,YNR001C,YDR492W,YJL050W,YDR216W,YDL082W,YCL012W,YDR412W,YDL021W,NA,NA,RDN37-1,YPR145W,RDN37-1,YPR145W,YLR327C,YDL046W,YBL106C,YCL023C,YOL123W,YNL201C,YJL045W,YER053C,YDL130W,YKL021C,NA,yheL,NA,alx,aldA,ansB,tolA,NA,adhE,manZ,phoR,frdA,b2614,b1924,citE,NA,nrfB,fdoG,NA,NA
YER012W,YGR192C,YNR002C,NA,NA,NA,YLR205C,NA,NA,NA,YDL039C,NA,NA,YDR294C,YGL062W,YDL199C,YJL153C,YDR050C,YDL130W-A,YCL040W,YLR214W,YDL222C,YGR175C,YJL062W,YDR256C,YDL083C,YCL024W,YDR432W,YDL071C,NA,NA,YOR348C,YML056C,YOR348C,YML056C,YIL066C,YIL076W,YDR334W,YCL025C,YKL100C,YPL256C,YJL037W,YER028C,YDL174C,YKL031W,NA,deoA,NA,mutL,aphA,asnB,trkH,NA,yqhD,gatR,potA,frdB,b0016,b0116,gadX,NA,hyaF,ompT,NA,NA
YJL001W,YFL018C,YOL101C,NA,NA,NA,YPL147W,NA,NA,NA,YGL041C,NA,NA,YLR089C,YOR266W,YDR380W,YDL120W,YGR155W,YER054C,YPR184W,YOR382W,YDR343C,YGR189C,YJL060W,YDR365C,YDL121C,YCL064C,YDR512C,YDL079C,NA,NA,YGL205W,YLR342W,YGL205W,YLR342W,YNL160W,YDR430C,YIR020C,YCL064C,YFR053C,YPR055W,YJL089W,YEL016C,YDL181W,YKL076C,NA,NA,NA,NA,aspA,cydA,wzxE,NA,glgP,gatC,poxB,ftn,b0399,b0903,citD,NA,cbpM,NA,NA,NA
YMR314W,YKL085W,YOR388C,NA,NA,NA,YDR070C,NA,NA,NA,YGR040W,NA,NA,YOR382W,YBL029W,YJL037W,YML054C,YJL203W,YGR008C,YLR258W,YPL135W,YPR149W,YJL012C,YJL112W,YDR384C,YDL158C,YCR010C,YEL073C,YDL114W,NA,NA,YML089C,YGL001C,YML089C,YGL001C,YOR338W,YLR452C,YGR081C,YDL151C,YHR054C,YPR189W,YJL144W,YER001W,YCL025C,YKL075C,NA,NA,NA,NA,bfr,ftn,aceB,NA,ppc,gatB,prfA,gadA,b3293,b2925,ybeL,NA,gatA,NA,NA,NA
YML092C,YBR221C,YPL201C,NA,NA,NA,YPR001W,NA,NA,NA,YGL045W,NA,NA,YMR041C,YOR334W,YHR006W,YNL104C,YER009W,YHR179W,YDR516C,YEL065W,YOR173W,YBL071C,YJL111W,YDR428C,YDL182W,YCR011C,YER026C,YDL222C,NA,NA,YCR010C,YKL081W,YCR010C,YKL081W,YGR060W,YAL023C,YHR205W,YDR016C,YDL172C,YBR021W,YJL137C,YDR533C,YBR031W,YKL114C,NA,NA,NA,NA,carA,fumB,adhC,NA,amtB,gatY,prsA,gatD,b0882,b3512,fbaB,NA,hycD,NA,NA,NA
YGR135W,YIL053W,YPL276W,NA,NA,NA,YER065C,NA,NA,NA,YPL095C,NA,NA,YDL049C,YOL023W,YBL049W,YDR234W,YBR106W,YKL150W,YGL055W,YHL040C,YLL028W,YBL039C,YJL128C,YDR437W,YDL187C,YCR025C,YGL029W,YDR034W-B,NA,NA,YPR002W,YOR309C,YPR002W,YOR309C,YDR492W,YNL149C,YDL164C,YDR112W,YER069W,YBR158W,YJL161W,YDR352W,YPR191W,YKL111C,NA,NA,NA,NA,cfa,glpB,argB,NA,yliA,mglC,pstB,gatR,b0017,b2507,dctR,NA,gatB,NA,NA,NA
YGR253C,YER091C,YPR001W,NA,NA,NA,YKR009C,NA,NA,NA,YDL080C,NA,NA,YHR140W,YDL045W-A,YLR265C,YIL136W,YHR037W,YNR001C,YPL093W,YHL047C,YPL122C,YOR153W,YJL157C,YDR462W,YDL218W,YCR042C,YGL089C,YDR043C,NA,NA,YMR114C,YDL083C,YMR114C,YDL083C,YDL021W,YGR195W,YGL257C,YDR170C,YGL122C,YBR244W,YJL153C,YDR309C,YPR020W,YKL132C,NA,NA,NA,NA,cpdB,glpC,argC,NA,potF,mglA,pstS,gatZ,b0374,b0033,mdtF,NA,appY,NA,NA,NA
YGL011C,YLR180W,NA,NA,NA,NA,YLL053C,NA,NA,NA,NA,NA,NA,NA,YDR316W,YDR055W,YMR294W,YBR286W,YOL157C,YBR183W,YMR058W,YDR533C,YFR055W,YJL153C,YDR478W,YDR055W,YCR079W,YGL157W,YDR066C,NA,NA,SNR14,YKL212W,SNR14,YKL212W,YMR326C,YOR361C,YMR276W,YDR352W,YGL228W,YBR258C,YJL185C,YCR102C,YPL078C,YKL116C,NA,NA,NA,NA,cysK,pflB,argD,NA,potG,mglB,ptfB,glgS,b3343,b0522,narJ,NA,appA,NA,NA,NA
YKL210W,YDR502C,NA,NA,NA,NA,YGR256W,NA,NA,NA,NA,NA,NA,NA,YPL132W,YPR052C,YBR237W,YJL172W,YPL171C,YML054C,YPR124W,YEL039C,YOR303W,YJL147C,YDR508C,YDR083W,YCR088W,YGR035C,YDR171W,NA,NA,YNL196C,YDL082W,YNL196C,YDL082W,YHR215W,YOR124C,YPR065W,YDR445C,YNL212W,YBR266C,YJL191W,YCR043C,YPL271W,YKL173W,NA,NA,NA,NA,deoA,wrbA,argG,NA,yddO,fadL,pstB,hdeA,b2572,b2498,sufA,NA,gatR_2,NA,NA,NA
YLL039C,YOL052C,NA,NA,NA,NA,NA,NA,NA,NA,NA,NA,NA,NA,YDR010C,YIR037W,YGR159C,YKL103C,YPR184W,YPL087W,YDR038C,YKL035W,YDR038C,YJL180C,YEL028W,YDR101C,YCR093W,YGR108W,YDR214W,NA,NA,NC_001145,YBR189W,NC_001145,YBR189W,YOL053C,YHR064C,YBR065C,YDR455C,YNL285W,YBR285W,YJL217W,YCL025C,YOR293W,YJR155W,NA,NA,NA,NA,fpr,clpB,argH,NA,yddP,dctA,queA,hdeB,b0966,b0337,yccJ,NA,nemA,NA,NA,NA
YDR258C,YPR069C,NA,NA,NA,NA,NA,NA,NA,NA,NA,NA,NA,NA,YBR033W,YLR006C,YJR048W,YMR314W,YDL124W,YMR250W,YDR040C,YBR053C,YER091C,YJL171C,YEL039C,YDR267C,YDL020C,YGR122C,YDR218C,NA,YDR345C,NC_001148,NA,NC_001148,YDR345C,YDR463W,YAL035W,YCR085W,YEL077C,YBL067C,YCL002C,YJL216C,YBR151W,YNL052W,YJR046W,NA,NA,NA,NA,fruB,gst,aroA,NA,yddQ,xylF,rbsA,hdeD,b0879,b2500,ybaT,NA,yjdK,NA,NA,NA
YPL154C,YOR375C,NA,NA,NA,NA,NA,NA,NA,NA,NA,NA,NA,NA,YHL030W,YGR044C,YFR033C,YDR533C,YPL240C,YJL052W,YCR011C,YHR137W,YBR033W,YJL193W,YER064C,YDR321W,YDL035C,YGR159C,YDR262W,NA,YBL039C,YLR311C,NA,YLR311C,YBL039C,YBR286W-900,YBR162W-A,YBR284W,YER124C,YGL261C,YCL023C,YAR068W,YBL029W,YMR145C,YJR054W,NA,NA,NA,NA,fruK,hsdR,aroB,NA,yddR,rbsB,recR,hoxK,b0881,b1131,dps,NA,cfa,NA,NA,NA
YPR163C,YMR108W,NA,NA,NA,NA,NA,NA,NA,NA,NA,NA,NA,NA,YJR025C,YNL274C,YDR256C,YOR370C,YGL062W,YIL070C,YDR011W,YDR342C,YDR497C,YIL015C,YER188C,YDR465C,YDL039C,YGR224W,YDR264C,NA,YGR234W,YBR045C,NA,YBR045C,YGR234W,YMR041C,YNL064C,YDR049W,YER188W,YEL039C,YCL064C,YAL054C,YBL095W,YLR395C,YJR022W,NA,NA,NA,NA,fucU,katG,cmk,NA,yddS,malF,rplI,hyaE,b0400,b0336,hyaD,NA,hyaD,NA,NA,NA
YLR048W,YJR016C,NA,NA,NA,NA,NA,NA,NA,NA,NA,NA,NA,NA,YDR539W,YMR092C,YOL147C,YGL245W,YBL075C,YDR343C,YGL077C,YCL042W,YNL142W,YIL119C,YFL013C,YDR492W,YDL057W,YHR170W,YDR270W,NA,YJL177W,YLR174W,NA,YLR174W,YJL177W,YOR374W,YPL066W,YKL074C,YFL062W,YJL171C,YCR002C,YIR038C,YPR138C,NA,YJR010C-A,NA,NA,NA,NA,fumA,speG,ddg,NA,xasA,malE,sodA,hybB,b4208,b2551,hycA,NA,hyaA,NA,NA,NA
YGR282C,YLR355C,NA,NA,NA,NA,NA,NA,NA,NA,NA,NA,NA,NA,YER050C,YOR215C,YJR110W,YLL024C,YBR072W,YMR105C,YGR121C,YNL036W,YBL003C,YIL164C,YFL030W,YDR496C,YDL169C,YIL158W,YDR317W,NA,YEL022W,YGR236C,NA,YGR236C,YEL022W,YJL049W,YBR175W,YMR047C,YFL064C,YFL031W,YDL014W,YIR016W,YPR106W,NA,YJL024C,NA,NA,NA,NA,gapA,NA,fdhE,NA,ydeA,malK,thiI,hybC,b4141,b1062,appB,NA,cbpA,NA,NA,NA
YDL126C,YNR050C,NA,NA,NA,NA,NA,NA,NA,NA,NA,NA,NA,NA,YNR040W,YOR086C,YNL015W,YBL047C,YDR258C,YER183C,YHR092C,YBR169C,YHR007C,YHR168W,YFL044C,YDR514C,YDL171C,YIR034C,YDR517W,NA,YOL014W,YGL205W,NA,YGL205W,YOL014W,YFR053C,YDR043C,YER034W,YGL102C,YJL026W,YDL121C,YIL117C,YPR013C,NA,YJL016W,NA,NA,NA,NA,glpK,NA,folP,NA,nac,lamB,yceI,lamB,b4172,b0032,appC,NA,uspD,NA,NA,NA
YLL001W,YLR058C,NA,NA,NA,NA,NA,NA,NA,NA,NA,NA,NA,NA,YER163C,YOL107W,YOR020C,YDR086C,YER103W,YIL155C,YIL170W,YMR250W,YBR029C,YHR092C,YFL052W,YDR519W,YDL199C,YJL035C,YEL065W,NA,YBR238C,YLR377C,NA,YLR377C,YBR238C,YGL121C,YGL009C,YHR138C,YGR044C,YJL144W,YDL128W,YIL107C,YPL095C,NA,YJL049W,NA,NA,NA,NA,lipA,NA,glcF,NA,fruB,NA,ycgC,malE,b0492,b0945,yjbJ,NA,lysC,NA,NA,NA
YPL171C,YMR217W,NA,NA,NA,NA,NA,NA,NA,NA,NA,NA,NA,NA,YKR016W,YGR123C,YOR027W,YMR226C,YFL014W,YIL045W,YBR112C,YOR374W,YNL066W,YHR080C,YFL063W,YEL001C,YDL200C,YJL122W,YER034W,NA,YKL128C,YPR151C,NA,YPR151C,YKL128C,YOR178C,YJL023C,YJL116C,YGR240C,YLR216C,YDL148C,YIL136W,YOR171C,NA,YJL094C,NA,NA,NA,NA,malP,NA,gltB,NA,nupC,NA,ydiU,malF,b0439,b4246,hyaC,NA,hycF,NA,NA,NA
YGR180C,YGR204W,NA,NA,NA,NA,NA,NA,NA,NA,NA,NA,NA,NA,YJR161C,YDL019C,YPL160W,YGL008C,YHL046C,YHR044C,YBR154C,YDR217C,YAL010C,YHR040W,YFR040W,YEL026W,YDL214C,YJL148W,YER035W,NA,YLR342W,YKL217W,NA,YKL217W,YLR342W,YAL064W,YPL162C,YJL141C,YGR288W,YHR146W,YDL151C,YIL160C,YOL136C,NA,YJL091C,NA,NA,NA,NA,malQ,NA,hisF,NA,gabP,NA,yhbE,malK,b0316,b4244,flgD,NA,gatZ,NA,NA,NA
YBR025C,YGR061C,NA,NA,NA,NA,NA,NA,NA,NA,NA,NA,NA,NA,YHL036W,YLR219W,YEL034W,YHR190W,YHR104W,YMR271C,YCL066W,YOR161C,YDR225W,YHR041C,YGL121C,YEL040W,YDL224C,YJL170C,YER039C,NA,YER043C,YGL205W,NA,YGL205W,YER043C,YGR248W,YLR341W,YJR073C,YHR051W,YOR214C,YDL213C,YIL155C,YNR032C-A,NA,YJL126W,NA,NA,NA,NA,malT,NA,iclR,NA,yhdZ,NA,yqgC,malM,b4209,b4245,wrbA,NA,hyaC,NA,NA,NA
YLR178C,YGL234W,NA,NA,NA,NA,NA,NA,NA,NA,NA,NA,NA,NA,YGR062C,YPL139C,YBR072W,YDL066W,YLL026W,YBL088C,YJR063W,YDR380W,YBL024W,YHL033C,YGL136C,YEL054C,YDL233W,YJL218W,YER054C,NA,YGL076C,YBL049W,NA,YBL049W,YGL076C,YNL198C,YOR322C,YLR303W,YHR188C,YLL039C,YDL240W,YHR209W,YNL066W,NA,YJL156C,NA,NA,NA,NA,manX,NA,phoH,NA,feoA,NA,yzgL,malP,b3022,NA,adiY,NA,hyaB,NA,NA,NA
YLR354C,YKL216W,NA,NA,NA,NA,NA,NA,NA,NA,NA,NA,NA,NA,YLL009C,YMR152W,YIL162W,YKR039W,YNL160W,YDL138W,YKR025W,YNR002C,YML116W,YHL028W,YGL146C,YER006W,YDL238C,YKL051W,YER056C,NA,YLR180W,YER024W,NA,YER024W,YLR180W,YHR138C,YHR021W-A,YLR335W,YIL117C,YOR027W,YDR199W,YHR096C,YNL134C,NA,YJL147C,NA,NA,NA,NA,mdf,NA,psd,NA,proP,NA,NA,nmpC,b0491,NA,hyaE,NA,hycB,NA,NA,NA
YBR117C,NA,NA,NA,NA,NA,NA,NA,NA,NA,NA,NA,NA,NA,YHR015W,YNR030W,YLR174W,YDR497C,YPL240C,YIL066C,YPR110C,YHL038C,YBL026W,YGR177C,YGL187C,YER042W,YDL239C,YKL073W,YER067W,NA,YOR198C,YKR097W,NA,YKR097W,YOR198C,YMR169C,YHL015W,YHR142W,YIL123W,YGR286C,YDR219C,YHR015W,YMR285C,NA,YAR033W,NA,NA,NA,NA,nrdD,NA,rffH,NA,cycA,NA,NA,osmE,b1829,NA,yhcO,NA,nrfA,NA,NA,NA
YNL241C,NA,NA,NA,NA,NA,NA,NA,NA,NA,NA,NA,NA,NA,YFL062W,YMR173W,YDL078C,YDL198C,YPL106C,YGR248W,YLR136C,YGR248W,YOR272W,YGL209W,YGL205W,YER058W,YDR001C,YKL096W,YER124C,NA,YGL253W,YPL147W,NA,YPL147W,YGL253W,YGR066C,YJR024C,YJR006W,YJL022W,YHL021C,YDR281C,YHL032C,YMR269W,NA,YAR003W,NA,NA,NA,NA,otsA,NA,thil,NA,NA,NA,NA,ptkC,b3402,NA,sufD,NA,srlD,NA,NA,NA
YER073W,NA,NA,NA,NA,NA,NA,NA,NA,NA,NA,NA,NA,NA,YLR228C,YPL154C,YDR343C,YHR049W,YLL024C,YAR014C,YDR395W,YNL335W,YKL004W,YGL225W,YGL263W,YER081W,YDR030C,YKL163W,YER145C,NA,YML056C,YHR139C,NA,YHR139C,YML056C,YMR090W,YKL184W,YLL047W,YJL107C,YKL035W,YDR308C,YGR256W,YMR057C,NA,YAR008W,NA,NA,NA,NA,otsB,NA,thyA,NA,NA,NA,NA,slp,b1531,NA,hyaA,NA,hyaE,NA,NA,NA
YGR254W,NA,NA,NA,NA,NA,NA,NA,NA,NA,NA,NA,NA,NA,YBL062W,YOR152C,YCR010C,YJL171C,YAL005C,YHR079C,YHR170W,YLL041C,YBR092C,YGL255W,YGR039W,YER131W,YDR074W,YKL172W,YER150W,NA,YOR310C,YPL033C,NA,YPL033C,YOR310C,YCL040W,YER025W,YLR217W,YJL157C,YER067W,YDR318W,YGR236C,YLR460C,NA,YAL027W,NA,NA,NA,NA,pgi,NA,truA,NA,NA,NA,NA,tnaA,b0437,NA,hyaB,NA,yiiS,NA,NA,NA
YCL040W,NA,NA,NA,NA,NA,NA,NA,NA,NA,NA,NA,NA,NA,YNL315C,YBL082C,YML091C,YLR364W,YGR088W,YMR117C,YKL009W,YKL026C,YOL092W,YER188W,YGR043C,YER156C,YDR078C,YKR081C,YFR017C,NA,YBL081W,YBR117C,NA,YBR117C,YBL081W,YPR184W,YLR068W,YLR307W,YJR004C,YJL149W,YDR378C,YGR250C,NA,NA,YAL024C,NA,NA,NA,NA,poxB,NA,dedA,NA,NA,NA,NA,tnaB,b3067,NA,uspB,NA,NA,NA,NA,NA
YML070W,NA,NA,NA,NA,NA,NA,NA,NA,NA,NA,NA,NA,NA,YGL143C,YKL207W,YPL186C,YMR090W,YLR109W,YCR018C,YOL123W,YDL019C,YCR098C,YER132C,YGR050C,YFL034C,YDR089W,YLR074C,YGL035C,NA,YML124C,YKL124W,NA,YKL124W,YML124C,YGR043C,YGR234W,YLR322W,YJR129C,YLR217W,YDR384C,YGR230W,NA,NA,YAL058W,NA,NA,NA,NA,pykA,NA,dedE,NA,NA,NA,NA,treB,b0315,NA,yeiA,NA,NA,NA,NA,NA
YDL022W,NA,NA,NA,NA,NA,NA,NA,NA,NA,NA,NA,NA,NA,YBR282W,YDR032C,YOR285W,YOR332W,YMR251W-A,YDR463W,YDR083W,YFL030W,YAL036C,YER095W,YGR137W,YGL051W,YDR090C,YLR146C,YGL072C,NA,YDL119C,YNL014W,NA,YNL014W,YDL119C,YPL230W,YLR048W,YNL274C,YKL131W,YML130C,YDR417C,YGR201C,NA,NA,YNR075W,NA,NA,NA,NA,rbsK,NA,dinG,NA,NA,NA,NA,treC,b0210,NA,hdeD,NA,NA,NA,NA,NA
YER062C,NA,NA,NA,NA,NA,NA,NA,NA,NA,NA,NA,NA,NA,NA,YMR238W,NA,NA,YBL078C,YHR006W,YHR169W,YKL036C,YBR187W,YER070W,YGR146C,YGL068W,YDR097C,YLR186W,YGL073W,NA,YDL198C,YLR312C,NA,YLR312C,YDL198C,YLR258W,YMR305C,NA,YKR102W,YBR099C,YDR489W,YGR067C,NA,NA,YLL067C,NA,NA,NA,NA,srlA,NA,dnaG,NA,NA,NA,NA,tsx,b1112,NA,yjbQ,NA,NA,NA,NA,NA
YBR149W,NA,NA,NA,NA,NA,NA,NA,NA,NA,NA,NA,NA,NA,NA,NA,NA,NA,YBR139W,YPL089C,YJL116C,YMR181C,YEL040W,YER044C,YGR236C,YGL078C,YDR113C,YLR218C,YGL162W,NA,YOL030W,YKL187C,NA,YKL187C,YOL030W,YJL043W,YLR249W,NA,YLR062C,YHR027C,YEL029C,YGR043C,NA,NA,YIR020C,NA,NA,NA,NA,srlB,NA,fkpA,NA,NA,NA,NA,vboR,b0880,NA,yeiT,NA,NA,NA,NA,NA
YMR105C,NA,NA,NA,NA,NA,NA,NA,NA,NA,NA,NA,NA,NA,NA,NA,NA,NA,YCL043C,YGL141W,YDR087C,YMR172W,YBR008C,YER016W,YGR243W,YGL104C,YDR122W,YLR222C,YGL166W,NA,YER052C,YHR160C,NA,YHR160C,YER052C,YGL045W,YKL106W,NA,YLR286C,YCL016C,YEL065W,YGL080W,NA,NA,YIL001W,NA,NA,NA,NA,srlD,NA,fldB,NA,NA,NA,NA,wrbA,b3669,NA,ivy,NA,NA,NA,NA,NA
YBR126C,NA,NA,NA,NA,NA,NA,NA,NA,NA,NA,NA,NA,NA,NA,NA,NA,NA,YDL020C,YDL077C,YJL033W,YOR052C,YNL248C,YEL021W,YGR256W,YGL120C,YDR141C,YLR225C,YGL185C,NC_001135,YPL273W,NA,NA,NC_001135,YPL273W,YAR002AC,YIL082W-A,NA,YLR308W,YDL020C,YER026C,YGL117W,NA,NA,YIL119C,NA,NA,NA,NA,srlR,NA,ftsH,NA,NA,NA,NA,xasA,b3685,NA,yhiD,NA,NA,NA,NA,NA
YKL035W,NA,NA,NA,NA,NA,NA,NA,NA,NA,NA,NA,NA,NA,NA,NA,NA,NA,YDR171W,YMR174C,YOL142W,YKL095W,YHR128W,YER001W,YGR258C,YGL147C,YDR143C,YLR348C,YGL219C,YDL223C,YML008C,NA,NA,YDL223C,YML008C,YDL121C,YLR449W,NA,YLR315W,YNR075W,YER070W,YGL208W,NA,NA,YIL135C,NA,NA,NA,NA,treB,NA,ftsJ,NA,NA,NA,NA,ybaS,b4132,NA,yjjU,NA,NA,NA,NA,NA
YAL012W,NA,NA,NA,NA,NA,NA,NA,NA,NA,NA,NA,NA,NA,NA,NA,NA,NA,YDR258C,YMR101C,YDL051W,YBR126C,YMR189W,YEL059C,YGR287C,YGR036C,YDR147W,YLR364W,YGR055W,YJL089W,YHR020W,NA,NA,YJL089W,YHR020W,YDR516C,YGR210C,NA,YLR328W,YDL021W,YER075C,YGL205W,NA,NA,YHR158C,NA,NA,NA,NA,treC,NA,rrmJ,NA,NA,NA,NA,ybdQ,b0209,NA,appA,NA,NA,NA,NA,NA
YOL058W,NA,NA,NA,NA,NA,NA,NA,NA,NA,NA,NA,NA,NA,NA,NA,NA,NA,YDR518W,YDL093W,YMR174C,YFL021W,YOR309C,YDR518W,YGR290W,YGR103W,YDR150W,YLR367W,YGR087C,YMR174C,YDL241W,NA,NA,YMR174C,YDL241W,YJL151C,YKL113C,NA,YLR346C,YGR088W,YER076C,YFL011W,NA,NA,YHR172W,NA,NA,NA,NA,udp,NA,ftsK,NA,NA,NA,NA,yccJ,b1874,NA,yebV,NA,NA,NA,NA,NA
YBR249C,NA,NA,NA,NA,NA,NA,NA,NA,NA,NA,NA,NA,NA,NA,NA,NA,NA,YEL012W,YDL075W,YJR104C,YPR010C,YGL234W,YDR433W,YHL032C,YGR105W,YDR213W,YML056C,YGR142W,YJRWDELTA20,YMR305C,NA,NA,YJRWDELTA20,YMR305C,YGL055W,YPR163C,NA,YLR349W,YML128C,YER124C,YFL030W,NA,NA,YHR139C,NA,NA,NA,NA,ybeK,NA,gidA,NA,NA,NA,NA,ycfR,b1322,NA,psiF,NA,NA,NA,NA,NA
YJR109C,NA,NA,NA,NA,NA,NA,NA,NA,NA,NA,NA,NA,NA,NA,NA,NA,NA,YKL073W,YDL204W,YKR066C,YPL004C,YPR159W,YDR367W,YHR001W,YGR123C,YDR223W,YML125C,YGR161C,SNR7-L,YHR019C,NA,NA,SNR7-L,YHR019C,YAL066W,YCR084C,NA,YLR359W,YFR010W,YGL050W,YER103W,NA,NA,YHR067W,NA,NA,NA,NA,cspA,NA,hflC,NA,NA,NA,NA,ychH,b2573,NA,sra,NA,NA,NA,NA,NA
YCL030C,NA,NA,NA,NA,NA,NA,NA,NA,NA,NA,NA,NA,NA,NA,NA,NA,NA,YLR120C,YER150W,YCR021C,YKL150W,YER073W,YDR345C,YHR050W,YGR158C,YDR229W,YMR292W,YGR248W,YER096W,YFR055W,NA,NA,YER096W,YFR055W,YPL093W,YPL120W,NA,YLR372W,YIL090W,YGL069C,YER121W,NA,NA,YGR108W,NA,NA,NA,NA,cspB,NA,hflK,NA,NA,NA,NA,yfiA,b1530,NA,hycE,NA,NA,NA,NA,NA
YMR108W,NA,NA,NA,NA,NA,NA,NA,NA,NA,NA,NA,NA,NA,NA,NA,NA,NA,YLR121C,YML128C,YDR513W,YNR030W,YEL045C,YDR181C,YHR051W,YGR234W,YDR242W,YNL012W,YGR288W,YDR223W,YLR197W,NA,NA,YDR223W,YLR197W,YBR183W,YFR043C,NA,YLR414C,YNL009W,YGL209W,YER065C,NA,NA,YGL044C,NA,NA,NA,NA,cspG,NA,holA,NA,NA,NA,NA,yfiL,b1060,NA,yqjE,NA,NA,NA,NA,NA
YDL182W,NA,NA,NA,NA,NA,NA,NA,NA,NA,NA,NA,NA,NA,NA,NA,NA,NA,YLR216C,YGL121C,YDR353W,YMR164C,YPR145W,YDR185C,YHR053C,YGR283C,YDR258C,YNL024C,YGR289C,YDL085W,YPL256C,NA,NA,YDL085W,YPL256C,YBR072W,YJL200C,NA,YML123C,YNL155W,YGL257C,YER024W,NA,NA,YGL164C,NA,NA,NA,NA,cspl,NA,hscA,NA,NA,NA,NA,ygeW,b2796,NA,yehE,NA,NA,NA,NA,NA
YDR168W,NA,NA,NA,NA,NA,NA,NA,NA,NA,NA,NA,NA,NA,NA,NA,NA,NA,YML130C,YJL151C,YBR111C,YNL194C,YGL009C,YDR033W,YHR054C,YGR286C,YDR273W,YNL112W,YHL021C,YML042W,YOR293W,NA,NA,YML042W,YOR293W,YMR174C,YBL005W,NA,YMR032W,YEL047C,YGR041W,YER015W,NA,NA,YGL196W,NA,NA,NA,NA,dps,NA,ksgA,NA,NA,NA,NA,ygeY,b0438,NA,ydiH,NA,NA,NA,NA,NA
YFR004W,NA,NA,NA,NA,NA,NA,NA,NA,NA,NA,NA,NA,NA,NA,NA,NA,NA,YMR018W,YJL047C,YMR175W,YDR345C,YDR101C,YDL059C,YHR059W,YHR046C,YDR277C,YNL148C,YHL040C,YAL062W,YGR151C,NA,NA,YAL062W,YGR151C,YBR241C,YMR058W,NA,YNL087W,YGR059W,YGR159C,YEL041W,NA,NA,YGL224C,NA,NA,NA,NA,grxB,NA,lepA,NA,NA,NA,NA,ygeZ,b2613,NA,yqjD,NA,NA,NA,NA,NA
YDR032C,NA,NA,NA,NA,NA,NA,NA,NA,NA,NA,NA,NA,NA,NA,NA,NA,NA,YNL077W,YGL259W,YER012W,YNL200C,YKL120W,YDL153C,YHR098C,YHR052W,YDR281C,YNL151C,YHR015W,YMR322C,YOL097C,NA,NA,YMR322C,YOL097C,YBR286W-1450,YKL084W,NA,YNL258C,YHR087W,YGR160W,YEL057C,NA,NA,YFR026C,NA,NA,NA,NA,hns,NA,mrcA,NA,NA,NA,NA,ygfJ,b3413,NA,yjdI,NA,NA,NA,NA,NA
YGL037C,NA,NA,NA,NA,NA,NA,NA,NA,NA,NA,NA,NA,NA,NA,NA,NA,NA,YEL060C,YBR214W,YGR135W,YOL048C,YHR020W,YDL213C,YHR101C,YHR065C,YDR310C,YNL182C,YHR033W,YBL048W,YLR314C,NA,NA,YBL048W,YLR314C,YOR161C,YGR214W,NA,YNL277W,YKR053C,YGR200C,YDR536W,NA,NA,YFR027W,NA,NA,NA,NA,hobH,NA,mrdB,NA,NA,NA,NA,ygfM,b0660,NA,hydN,NA,NA,NA,NA,NA
YKL117W,NA,NA,NA,NA,NA,NA,NA,NA,NA,NA,NA,NA,NA,NA,NA,NA,NA,YNL015W,YAR027W,YLR120C,YLR120C,YLR249W,YDL211C,YHR150W,YHR089C,YDR311W,YNL256W,YHR048W,NC_001145,YCR034W,NA,NA,NC_001145,YCR034W,YKL036C,YLR214W,NA,YNL300W,YNR073C,YGR226C,YDR453C,NA,NA,YFL007W,NA,NA,NA,NA,htpG,NA,pepB,NA,NA,NA,NA,ygfO,b4173,NA,yeaQ,NA,NA,NA,NA,NA
YLR387C,NA,NA,NA,NA,NA,NA,NA,NA,NA,NA,NA,NA,NA,NA,NA,NA,NA,YOR137C,NA,YPL154C,YLR251W,YBR034C,YBR295W,YHR161C,YHR128W,YDR325W,YNL292W,YHR067W,YL(UAA)J,NC_001137,NA,NA,YL(UAA)J,NC_001137,YBR054W,YDR174W,NA,YNL301C,YOL013C,YHL025W,YDR380W,NA,NA,YER149C,NA,NA,NA,NA,kbl,NA,priA,NA,NA,NA,NA,ygfP,b4398,NA,NA,NA,NA,NA,NA,NA
YNL134C,NA,NA,NA,NA,NA,NA,NA,NA,NA,NA,NA,NA,NA,NA,NA,NA,NA,YCR021C,NA,YDR037W,YIL136W,YDR224C,YBR130C,YIL037C,YHR148W,YDR380W,YNL335W,YHR096C,YOR031W,YHR163W,NA,NA,YOR031W,YHR163W,YML054C,YKL124W,NA,YNR057C,YPL280W,YHR045W,YDR384C,NA,NA,YER132C,NA,NA,NA,NA,mdaA,NA,recB,NA,NA,NA,NA,ygfT,b2193,NA,NA,NA,NA,NA,NA,NA
YNL274C,NA,NA,NA,NA,NA,NA,NA,NA,NA,NA,NA,NA,NA,NA,NA,NA,NA,YDR270W,NA,YDR041W,YNL224C,YGL055W,YBR041W,YIL101C,YHR196W,YDR423C,YNR019W,YHR126C,YNL093W,YJL080C,NA,NA,YNL093W,YJL080C,YER053C,YDR053W,NA,YOR012W,NA,YHR154W,YDR256C,NA,NA,YER045C,NA,NA,NA,NA,mlc,NA,recC,NA,NA,NA,NA,yhiE,b1593,NA,NA,NA,NA,NA,NA,NA
NA,NA,NA,NA,NA,NA,NA,NA,NA,NA,NA,NA,NA,NA,NA,NA,NA,NA,YEL031W,NA,YDR418W,YHR092C,YDR212W,YBL014C,YIL112W,YHR197W,YDR448W,YNR050C,YHR146W,NC_001139,YML063W,NA,NA,NC_001139,YML063W,YMR316C-A,YPL283C,NA,YOR095C,NA,YHR158C,YDR216W,NA,NA,YER037W,NA,NA,NA,NA,mopA,NA,recJ,NA,NA,NA,NA,yhiM,b0659,NA,NA,NA,NA,NA,NA,NA
NA,NA,NA,NA,NA,NA,NA,NA,NA,NA,NA,NA,NA,NA,NA,NA,NA,NA,YER053C,NA,YNL002C,YOL032W,YBL083C,YPR200C,YIL117C,YHR209W,YDR479C,YNR053C,YHR210C,YHR096C,YML052W,NA,NA,YHR096C,YML052W,YGR052W,YHR066W,NA,YOR315W,NA,YHR169W,YDR070C,NA,NA,YDR540C,NA,NA,NA,NA,mopB,NA,rimM,NA,NA,NA,NA,yhiW,b0281,NA,NA,NA,NA,NA,NA,NA
NA,NA,NA,NA,NA,NA,NA,NA,NA,NA,NA,NA,NA,NA,NA,NA,NA,NA,YHR175W,NA,YOL127W,YER103W,YPR035W,YPR167C,YIL145C,YHR216W,YDR507C,YNR057C,YIL007C,YBLWDELTA1,YNR043W,NA,NA,YBLWDELTA1,YNR043W,YAR014C,YLR172C,NA,YOR385W,NA,YHR201C,YDR077W,NA,NA,YDR468C,NA,NA,NA,NA,ppiA,NA,mhA,NA,NA,NA,NA,yjiH,b1274,NA,NA,NA,NA,NA,NA,NA
NA,NA,NA,NA,NA,NA,NA,NA,NA,NA,NA,NA,NA,NA,NA,NA,NA,NA,YJL094C,NA,YMR060C,YNL305C,YBL029W,YPR138C,YIL160C,YIL040W,YDR534C,YOL092W,YIL057C,YIL160C,YBR084W,NA,NA,YIL160C,YBR084W,YHR140W,YBL101W-A,NA,YPL036W,NA,YIL094C,YDR034W-B,NA,NA,YDR473C,NA,NA,NA,NA,rimJ,NA,rpoA,NA,NA,NA,NA,yjjI,b3635,NA,NA,NA,NA,NA,NA,NA
NA,NA,NA,NA,NA,NA,NA,NA,NA,NA,NA,NA,NA,NA,NA,NA,NA,NA,YCR024C-A,NA,YBR110W,YGR138C,YDR161W,YPR052C,YJL037W,YIL053W,YDR540C,YOL155C,YIL077C,YBL043W,YGL202W,NA,NA,YBL043W,YGL202W,YMR052C-A,YPL231W,NA,YPL142C,NA,YIL118W,YDR018C,NA,NA,YDR459C,NA,NA,NA,NA,sseA,NA,rpoB,NA,NA,NA,NA,yliH,b3280,NA,NA,NA,NA,NA,NA,NA
NA,NA,NA,NA,NA,NA,NA,NA,NA,NA,NA,NA,NA,NA,NA,NA,NA,NA,NA,NA,YBR205W,YBR134W,YLR364W,YPL027W,YJL066C,YIL064W,YEL012W,YOR079C,YIL097W,YDR111C,YJL189W,NA,NA,YDR111C,YJL189W,YOL053C,YPL256C,NA,YPL198W,NA,YIL127C,YDL009C,NA,NA,YDR364C,NA,NA,NA,NA,NA,NA,rrmA,NA,NA,NA,NA,yqiI,b4239,NA,NA,NA,NA,NA,NA,NA
NA,NA,NA,NA,NA,NA,NA,NA,NA,NA,NA,NA,NA,NA,NA,NA,NA,NA,NA,NA,YMR101C,YER112W,YMR219W,YPL014W,YJL116C,YIL066C,YEL060C,YOR095C,YIL107C,YOR338W,YPL198W,NA,NA,YOR338W,YPL198W,YMR251W,YER127W,NA,YPL256C,NA,YIL131C,YDL049C,NA,NA,YDR370C,NA,NA,NA,NA,NA,NA,rtn,NA,NA,NA,NA,NA,NA,NA,NA,NA,NA,NA,NA,NA
NA,NA,NA,NA,NA,NA,NA,NA,NA,NA,NA,NA,NA,NA,NA,NA,NA,NA,NA,NA,YAL059W,YPL087W,YDR508C,YPL043W,YJR025C,YIL080W,YEL062W,YOR108W,YIL111W,YBR116C,YMR215W,NA,NA,YBR116C,YMR215W,YJL161W,YPR095C,NA,YPL265W,NA,YIL161W,YDL085W,NA,NA,YDR222W,NA,NA,NA,NA,NA,NA,sdiA,NA,NA,NA,NA,NA,NA,NA,NA,NA,NA,NA,NA,NA
NA,NA,NA,NA,NA,NA,NA,NA,NA,NA,NA,NA,NA,NA,NA,NA,NA,NA,NA,NA,YGR008C,YGL006W,YJL212C,YPL095C,YJR129C,YIL096C,YEL063C,YOR203W,YIL130W,NC_001144,YER163C,NA,NA,NC_001144,YER163C,YDR509W,YOL070C,NA,YPR014C,NA,YIL169C,YDL214C,NA,NA,YDR200C,NA,NA,NA,NA,NA,NA,sodA,NA,NA,NA,NA,NA,NA,NA,NA,NA,NA,NA,NA,NA
NA,NA,NA,NA,NA,NA,NA,NA,NA,NA,NA,NA,NA,NA,NA,NA,NA,NA,NA,NA,YKL096W,YIR039C,YLR058C,YPL227C,YJR158W,YIL127C,YEL064C,YOR214C,YIL146C,YNL142W,YGR123C,NA,NA,YNL142W,YGR123C,YLR415C,YHR047C,NA,YPR130C,NA,YIL174W,YDL204W,NA,NA,YDR209C,NA,NA,NA,NA,NA,NA,tnpR,NA,NA,NA,NA,NA,NA,NA,NA,NA,NA,NA,NA,NA
NA,NA,NA,NA,NA,NA,NA,NA,NA,NA,NA,NA,NA,NA,NA,NA,NA,NA,NA,NA,YBR160W,YMR090W,YCR034W,YPL226W,YJR162C,YIR021W,YEL066W,YOR243C,YIL155C,YPL079W,YGR208W,NA,NA,YPL079W,YGR208W,YHR053C,YFL022C,NA,YPR153W,NA,YIR020C,YDL223C,NA,NA,YDR111C,NA,NA,NA,NA,NA,NA,topA,NA,NA,NA,NA,NA,NA,NA,NA,NA,NA,NA,NA,NA
NA,NA,NA,NA,NA,NA,NA,NA,NA,NA,NA,NA,NA,NA,NA,NA,NA,NA,NA,NA,YNL307C,YDR406W,YBL010C,YPL264C,YKL148C,YIR026C,YER014W,YPL032C,YIR019C,NC_001145,YFL034C-A,NA,NA,NC_001145,YFL034C-A,YPL087W,YDR172W,NA,YPR156C,NA,YIR022W,YCR018C,NA,NA,YDR118W,NA,NA,NA,NA,NA,NA,trmD,NA,NA,NA,NA,NA,NA,NA,NA,NA,NA,NA,NA,NA
NA,NA,NA,NA,NA,NA,NA,NA,NA,NA,NA,NA,NA,NA,NA,NA,NA,NA,NA,NA,YOR242C,YMR261C,YBL016W,YOR317W,YKR061W,YIR035C,YER033C,YPL047W,YIR023W,YMR175W-A,YLR179C,NA,NA,YMR175W-A,YLR179C,YHR035W,YFL034W,NA,YPR165W,NA,YJL087C,YCR010C,NA,NA,YDR123C,NA,NA,NA,NA,NA,NA,NA,NA,NA,NA,NA,NA,NA,NA,NA,NA,NA,NA,NA,NA
NA,NA,NA,NA,NA,NA,NA,NA,NA,NA,NA,NA,NA,NA,NA,NA,NA,NA,NA,NA,YCR052W,YGR043C,YBR042C,YOR273C,YKR097W,YJL033W,YER040W,YPL058C,YIR028W,NC_001145,YOR301W,NA,NA,NC_001145,YOR301W,YMR250W,YGL207W,NA,NA,NA,YJL097W,YBR295W,NA,NA,YDR030C,NA,NA,NA,NA,NA,NA,NA,NA,NA,NA,NA,NA,NA,NA,NA,NA,NA,NA,NA,NA
NA,NA,NA,NA,NA,NA,NA,NA,NA,NA,NA,NA,NA,NA,NA,NA,NA,NA,NA,NA,YCR009C,YNR065C,YBR021W,YOR236W,YLL061W,YJL108C,YER079W,YPL093W,YIR033W,YER084W,NC_001146,NA,NA,YER084W,NC_001146,YHR079C-A,YDL065C,NA,NA,NA,YJR131W,YBR230C,NA,NA,YDR033W,NA,NA,NA,NA,NA,NA,NA,NA,NA,NA,NA,NA,NA,NA,NA,NA,NA,NA,NA,NA
NA,NA,NA,NA,NA,NA,NA,NA,NA,NA,NA,NA,NA,NA,NA,NA,NA,NA,NA,NA,YBR179C,YLR134W,YBR220C,YOR222W,YLR023C,YJL136C,YER096W,YPL187W,YJL144W,YLR284C,YHR183W,NA,NA,YLR284C,YHR183W,YCL026C,YDL131W,NA,NA,NA,YJR152W,YBR150C,NA,NA,YDL024C,NA,NA,NA,NA,NA,NA,NA,NA,NA,NA,NA,NA,NA,NA,NA,NA,NA,NA,NA,NA
NA,NA,NA,NA,NA,NA,NA,NA,NA,NA,NA,NA,NA,NA,NA,NA,NA,NA,NA,NA,YIR012W,YKL051W,YAL003W,YOR177C,YLR084C,YJL160C,YER103W,YPL189W,YJR008W,YGRCDELTA20,YIL145C,NA,NA,YGRCDELTA20,YIL145C,YPL185W,YDR283C,NA,NA,NA,YJR154W,YBR157C,NA,NA,YDL039C,NA,NA,NA,NA,NA,NA,NA,NA,NA,NA,NA,NA,NA,NA,NA,NA,NA,NA,NA,NA
NA,NA,NA,NA,NA,NA,NA,NA,NA,NA,NA,NA,NA,NA,NA,NA,NA,NA,NA,NA,YNL036W,YBR116C,YEL026W,YOR143C,YLR094C,YJL177W,YER114C,YPL192C,YJR049C,YNL335W,YER156C,NA,NA,YNL335W,YER156C,YDL036C,YOR260W,NA,NA,NA,YKL009W,YBR116C,NA,NA,YCL024W,NA,NA,NA,NA,NA,NA,NA,NA,NA,NA,NA,NA,NA,NA,NA,NA,NA,NA,NA,NA
NA,NA,NA,NA,NA,NA,NA,NA,NA,NA,NA,NA,NA,NA,NA,NA,NA,NA,NA,NA,YBR109C,YDL022W,YER043C,YOR137C,YLR228C,YJL196C,YER119C,YPL198W,YJR094C,YJL088W,YOL136C,NA,NA,YJL088W,YOL136C,YHR006W,YMR217W,NA,NA,NA,YKL058W,YBR117C,NA,NA,YCR019W,NA,NA,NA,NA,NA,NA,NA,NA,NA,NA,NA,NA,NA,NA,NA,NA,NA,NA,NA,NA
NA,NA,NA,NA,NA,NA,NA,NA,NA,NA,NA,NA,NA,NA,NA,NA,NA,NA,NA,NA,YGR023W,YAL060W,YBR088C,YOR080W,YLR259C,YJL208C,YER121W,YPL245W,YJR115W,YBLWDELTA1,YGR249W,NA,NA,YBLWDELTA1,YGR249W,YMR107W,YOR148C,NA,NA,NA,YKL068W,YBR068C,NA,NA,YCL010C,NA,NA,NA,NA,NA,NA,NA,NA,NA,NA,NA,NA,NA,NA,NA,NA,NA,NA,NA,NA
NA,NA,NA,NA,NA,NA,NA,NA,NA,NA,NA,NA,NA,NA,NA,NA,NA,NA,NA,NA,YKL043W,YBR067C,YAL020C,YOR047C,YLR308W,YJR003C,YER128W,YPL246C,YJR148W,YPR049C,YGL195W,NA,NA,YPR049C,YGL195W,YJL047C,YER070W,NA,NA,NA,YKL069W,YBR072W,NA,NA,YCL027W,NA,NA,NA,NA,NA,NA,NA,NA,NA,NA,NA,NA,NA,NA,NA,NA,NA,NA,NA,NA
NA,NA,NA,NA,NA,NA,NA,NA,NA,NA,NA,NA,NA,NA,NA,NA,NA,NA,NA,NA,YAL049C,YOR273C,YNL186W,YOR010C,YML089C,YJR004C,YER144C,YPL263C,YKL044W,YMR107W,YBR249C,NA,NA,YMR107W,YBR249C,YHR040W,YKL104C,NA,NA,NA,YKL177W,YBR046C,NA,NA,YCL055W,NA,NA,NA,NA,NA,NA,NA,NA,NA,NA,NA,NA,NA,NA,NA,NA,NA,NA,NA,NA
NA,NA,NA,NA,NA,NA,NA,NA,NA,NA,NA,NA,NA,NA,NA,NA,NA,NA,NA,NA,YAL053W,YDR407C,YML022W,YOL087C,YML091C,YJR048W,YER152C,YPR012W,YKL093W,YLR340W,YGL097W,NA,NA,YLR340W,YGL097W,YJL052W,YHR033W,NA,NA,NA,YLL022C,YBR026C,NA,NA,YBR217W,NA,NA,NA,NA,NA,NA,NA,NA,NA,NA,NA,NA,NA,NA,NA,NA,NA,NA,NA,NA
NA,NA,NA,NA,NA,NA,NA,NA,NA,NA,NA,NA,NA,NA,NA,NA,NA,NA,NA,NA,YBL108W,YDR178W,NA,YOL151W,YMR017W,YJR063W,YER154W,YPR078C,YKL171W,TN(GUU)K,YNL300W,NA,NA,TN(GUU)K,YNL300W,YCRX08W,YHR044C,NA,NA,NA,YLR022C,YPR182W,NA,NA,YBR063C,NA,NA,NA,NA,NA,NA,NA,NA,NA,NA,NA,NA,NA,NA,NA,NA,NA,NA,NA,NA
NA,NA,NA,NA,NA,NA,NA,NA,NA,NA,NA,NA,NA,NA,NA,NA,NA,NA,NA,NA,YBR004C,YPR156C,NA,YOL133W,YMR038C,YJR094W,YER158C,YPR119W,YKR093W,YGR087C,NC_001137,NA,NA,YGR087C,NC_001137,YIL070C,YKL181W,NA,NA,NA,YLR033W,YPR026W,NA,NA,YBL025W,NA,NA,NA,NA,NA,NA,NA,NA,NA,NA,NA,NA,NA,NA,NA,NA,NA,NA,NA,NA
NA,NA,NA,NA,NA,NA,NA,NA,NA,NA,NA,NA,NA,NA,NA,NA,NA,NA,NA,NA,YBR207W,YGR046W,NA,YOL160W,YMR095C,YJR101W,YER164W,NA,YLL067C,YLR267W,YOR309C,NA,NA,YLR267W,YOR309C,YMR117C,YDR091C,NA,NA,NA,YLR034C,YPR001W,NA,NA,YBL075C,NA,NA,NA,NA,NA,NA,NA,NA,NA,NA,NA,NA,NA,NA,NA,NA,NA,NA,NA,NA
NA,NA,NA,NA,NA,NA,NA,NA,NA,NA,NA,NA,NA,NA,NA,NA,NA,NA,NA,NA,YBR287W,YPL247C,NA,YNR065C,YMR103C,YJR135W,YER188W,NA,YLR053C,NC_001145,YJR047C,NA,NA,NC_001145,YJR047C,YMR101C,YJR064W,NA,NA,NA,YLR036C,YPR002W,NA,NA,YBL060W,NA,NA,NA,NA,NA,NA,NA,NA,NA,NA,NA,NA,NA,NA,NA,NA,NA,NA,NA,NA
NA,NA,NA,NA,NA,NA,NA,NA,NA,NA,NA,NA,NA,NA,NA,NA,NA,NA,NA,NA,YCL059C,YOR134W,NA,YNR008W,YMR104C,YJR154W,YFL008W,NA,YLR077W,YER179W,YLR083C,NA,NA,YER179W,YLR083C,YHR055C,YNL079C,NA,NA,NA,YLR045C,YPR006C,NA,NA,YBL079W,NA,NA,NA,NA,NA,NA,NA,NA,NA,NA,NA,NA,NA,NA,NA,NA,NA,NA,NA,NA
NA,NA,NA,NA,NA,NA,NA,NA,NA,NA,NA,NA,NA,NA,NA,NA,NA,NA,NA,NA,YCR054C,YPR157W,NA,YNR009W,YMR118C,YKL009W,YFL010C,NA,YLR216C,YBR230C,YDR023W,NA,NA,YBR230C,YDR023W,YJR008W,YHR068W,NA,NA,NA,YLR300W,YPL036W,NA,NA,YBL078C,NA,NA,NA,NA,NA,NA,NA,NA,NA,NA,NA,NA,NA,NA,NA,NA,NA,NA,NA,NA
NA,NA,NA,NA,NA,NA,NA,NA,NA,NA,NA,NA,NA,NA,NA,NA,NA,NA,NA,NA,YDL046W,NA,NA,YNL095C,YMR154C,YKL081W,YFL021W,NA,YLR247C,YGR110W,YLR342W,NA,NA,YGR110W,YLR342W,YPL095C,YER165W,NA,NA,NA,YLR336C,YPL113C,NA,NA,YPR149W,NA,NA,NA,NA,NA,NA,NA,NA,NA,NA,NA,NA,NA,NA,NA,NA,NA,NA,NA,NA
NA,NA,NA,NA,NA,NA,NA,NA,NA,NA,NA,NA,NA,NA,NA,NA,NA,NA,NA,NA,YDL167C,NA,NA,YNL121C,YMR174C,YKL143W,YFR015C,NA,YLR311C,YDR536W,YGL209W,NA,NA,YDR536W,YGL209W,YDR343C,YER036C,NA,NA,NA,YLR401C,YPL109C,NA,NA,YPR152C,NA,NA,NA,NA,NA,NA,NA,NA,NA,NA,NA,NA,NA,NA,NA,NA,NA,NA,NA,NA
NA,NA,NA,NA,NA,NA,NA,NA,NA,NA,NA,NA,NA,NA,NA,NA,NA,NA,NA,NA,YDL213C,NA,NA,YNL153C,YMR175W,YKL162C,YFR019W,NA,YLR327C,YHR033W,YKL006W,NA,NA,YHR033W,YKL006W,YPL089C,YER147C,NA,NA,NA,YLR424W,YPL134C,NA,NA,YPR157W,NA,NA,NA,NA,NA,NA,NA,NA,NA,NA,NA,NA,NA,NA,NA,NA,NA,NA,NA,NA
NA,NA,NA,NA,NA,NA,NA,NA,NA,NA,NA,NA,NA,NA,NA,NA,NA,NA,NA,NA,YDR161W,NA,NA,YNL218W,YMR244W,YKL221W,YFR029W,NA,YLR413W,YEL035C,NC_001134,NA,NA,YEL035C,NC_001134,YMR105C,YMR290C,NA,NA,NA,YLR440C,YPL156C,NA,NA,YPR158W,NA,NA,NA,NA,NA,NA,NA,NA,NA,NA,NA,NA,NA,NA,NA,NA,NA,NA,NA,NA
NA,NA,NA,NA,NA,NA,NA,NA,NA,NA,NA,NA,NA,NA,NA,NA,NA,NA,NA,NA,YDR370C,NA,NA,YNL213C,YMR276W,YKR056W,YFR055W,NA,YLR462W,TL(GAG)G,YLR372W,NA,NA,TL(GAG)G,YLR372W,YER183C,YCLX11W,NA,NA,NA,YML123C,YPL147W,NA,NA,YPR101W,NA,NA,NA,NA,NA,NA,NA,NA,NA,NA,NA,NA,NA,NA,NA,NA,NA,NA,NA,NA
NA,NA,NA,NA,NA,NA,NA,NA,NA,NA,NA,NA,NA,NA,NA,NA,NA,NA,NA,NA,YDR372C,NA,NA,YNL231C,YMR323W,YKR085C,YGL006W,NA,YML123C,NC_001134,YPR073C,NA,NA,NC_001134,YPR073C,YER188W,YLR197W,NA,NA,NA,YMR076C,YPL186C,NA,NA,YPR119W,NA,NA,NA,NA,NA,NA,NA,NA,NA,NA,NA,NA,NA,NA,NA,NA,NA,NA,NA,NA
NA,NA,NA,NA,NA,NA,NA,NA,NA,NA,NA,NA,NA,NA,NA,NA,NA,NA,NA,NA,YDR516C,NA,NA,YNL301C,YNL052W,YKR094C,YGL021W,NA,YML133C,NA,YDL014W,NA,NA,NA,YDL014W,YHR008C,YLR175W,NA,NA,NA,YMR153W,YPL201C,NA,NA,YPR084W,NA,NA,NA,NA,NA,NA,NA,NA,NA,NA,NA,NA,NA,NA,NA,NA,NA,NA,NA,NA
NA,NA,NA,NA,NA,NA,NA,NA,NA,NA,NA,NA,NA,NA,NA,NA,NA,NA,NA,NA,YDR534C,NA,NA,YMR287C,YNL144C,YLL008W,YGL025C,NA,YMR056C,NA,NC_001147,NA,NA,NA,NC_001147,YGL141W,YML106W,NA,NA,NA,YMR157C,YPL230W,NA,NA,YPR066W,NA,NA,NA,NA,NA,NA,NA,NA,NA,NA,NA,NA,NA,NA,NA,NA,NA,NA,NA,NA
NA,NA,NA,NA,NA,NA,NA,NA,NA,NA,NA,NA,NA,NA,NA,NA,NA,NA,NA,NA,YER150W,NA,NA,YMR263W,YNL195C,YLL034C,YGL045W,NA,YMR058W,NA,YOR341W,NA,NA,NA,YOR341W,YIL155C,YBR181C,NA,NA,NA,YMR233W,YPL276W,NA,NA,YPR046W,NA,NA,NA,NA,NA,NA,NA,NA,NA,NA,NA,NA,NA,NA,NA,NA,NA,NA,NA,NA
NA,NA,NA,NA,NA,NA,NA,NA,NA,NA,NA,NA,NA,NA,NA,NA,NA,NA,NA,NA,YGL039W,NA,NA,YMR269W,YNL199C,YLL045C,YGL063W,NA,YMR081C,NA,YDR300C,NA,NA,NA,YDR300C,YMR251W-A,YPL127C,NA,NA,NA,YNL021W,YOR388C,NA,NA,YPR053C,NA,NA,NA,NA,NA,NA,NA,NA,NA,NA,NA,NA,NA,NA,NA,NA,NA,NA,NA,NA
NA,NA,NA,NA,NA,NA,NA,NA,NA,NA,NA,NA,NA,NA,NA,NA,NA,NA,NA,NA,YGL183C,NA,NA,YMR239C,YNL281W,YLL054C,YGL066W,NA,YMR107W,NA,YHR025W,NA,NA,NA,YHR025W,YIL045W,YER125W,NA,NA,NA,YNL066W,YOR180C,NA,NA,YPR003C,NA,NA,NA,NA,NA,NA,NA,NA,NA,NA,NA,NA,NA,NA,NA,NA,NA,NA,NA,NA
NA,NA,NA,NA,NA,NA,NA,NA,NA,NA,NA,NA,NA,NA,NA,NA,NA,NA,NA,NA,YGR187C,NA,NA,YMR209C,YNL328C,YLR008C,YGL071W,NA,YMR136W,NA,YDL039C,NA,NA,NA,YDL039C,YDL222C,YDR176W,NA,NA,NA,YNL188W,YOR120W,NA,NA,YPL162C,NA,NA,NA,NA,NA,NA,NA,NA,NA,NA,NA,NA,NA,NA,NA,NA,NA,NA,NA,NA
NA,NA,NA,NA,NA,NA,NA,NA,NA,NA,NA,NA,NA,NA,NA,NA,NA,NA,NA,NA,YGR211W,NA,NA,YMR078C,YNR060W,YLR009W,YGL093W,NA,YMR206W,NA,YMR131C,NA,NA,NA,YMR131C,YDR491C,YBR205W,NA,NA,NA,YNL283C,YOR100C,NA,NA,YPL159C,NA,NA,NA,NA,NA,NA,NA,NA,NA,NA,NA,NA,NA,NA,NA,NA,NA,NA,NA,NA
NA,NA,NA,NA,NA,NA,NA,NA,NA,NA,NA,NA,NA,NA,NA,NA,NA,NA,NA,NA,YGR213C,NA,NA,YMR062C,YNR077C,YLR029C,YGL108C,NA,YNL077W,NA,YMR143W,NA,NA,NA,YMR143W,YGL259W,YDR097C,NA,NA,NA,YNL300W,YOL083W,NA,NA,YPL233W,NA,NA,NA,NA,NA,NA,NA,NA,NA,NA,NA,NA,NA,NA,NA,NA,NA,NA,NA,NA
NA,NA,NA,NA,NA,NA,NA,NA,NA,NA,NA,NA,NA,NA,NA,NA,NA,NA,NA,NA,YGR243W,NA,NA,YMR041C,YOL020W,YLR058C,YGL133W,NA,YNL194C,NA,YKR094C,NA,NA,NA,YKR094C,YFL063W,YJR071W,NA,NA,NA,YNR003C,YOL101C,NA,NA,YOR390W,NA,NA,NA,NA,NA,NA,NA,NA,NA,NA,NA,NA,NA,NA,NA,NA,NA,NA,NA,NA
NA,NA,NA,NA,NA,NA,NA,NA,NA,NA,NA,NA,NA,NA,NA,NA,NA,NA,NA,NA,YHL021C,NA,NA,YMR010W,YOL024W,YLR069C,YGL134W,NA,YNL309W,NA,YKR013W,NA,NA,NA,YKR013W,YPR192W,YLR073C,NA,NA,NA,YOL092W,YOL126C,NA,NA,YOR328W,NA,NA,NA,NA,NA,NA,NA,NA,NA,NA,NA,NA,NA,NA,NA,NA,NA,NA,NA,NA
NA,NA,NA,NA,NA,NA,NA,NA,NA,NA,NA,NA,NA,NA,NA,NA,NA,NA,NA,NA,YHR052W,NA,NA,YMR011W,YOR020C,YLR083C,YGL140C,NA,YNL337W,NA,YMR217W,NA,NA,NA,YMR217W,YHR044C,YLR310C,NA,NA,NA,YOL147C,YOL147C,NA,NA,YOR192C,NA,NA,NA,NA,NA,NA,NA,NA,NA,NA,NA,NA,NA,NA,NA,NA,NA,NA,NA,NA
NA,NA,NA,NA,NA,NA,NA,NA,NA,NA,NA,NA,NA,NA,NA,NA,NA,NA,NA,NA,YHR087W,NA,NA,YML098W,YOR186W,YLR090W,YGL197W,NA,YOL032W,NA,YBR121C,NA,NA,NA,YBR121C,YDL110C,YGR162W,NA,NA,NA,YOL152W,YNR056C,NA,NA,YOR194C,NA,NA,NA,NA,NA,NA,NA,NA,NA,NA,NA,NA,NA,NA,NA,NA,NA,NA,NA,NA
NA,NA,NA,NA,NA,NA,NA,NA,NA,NA,NA,NA,NA,NA,NA,NA,NA,NA,NA,NA,YHR138C,NA,NA,YML130C,YOR188W,YLR175W,YGL212W,NA,YOL101C,NA,YDR037W,NA,NA,NA,YDR037W,YMR271C,YBR189W,NA,NA,NA,YOR038C,YNR058W,NA,NA,YOR161C,NA,NA,NA,NA,NA,NA,NA,NA,NA,NA,NA,NA,NA,NA,NA,NA,NA,NA,NA,NA
NA,NA,NA,NA,NA,NA,NA,NA,NA,NA,NA,NA,NA,NA,NA,NA,NA,NA,NA,NA,YJL171C,NA,NA,YLR408C,YOR221C,YLR196W,YGR001C,NA,YOL136C,NA,YGR060W,NA,NA,NA,YGR060W,YDL091C,YPL115C,NA,NA,NA,YOR095C,YNR060W,NA,NA,YOR130C,NA,NA,NA,NA,NA,NA,NA,NA,NA,NA,NA,NA,NA,NA,NA,NA,NA,NA,NA,NA
NA,NA,NA,NA,NA,NA,NA,NA,NA,NA,NA,NA,NA,NA,NA,NA,NA,NA,NA,NA,YKL071W,NA,NA,YLR411W,YOR347C,YLR197W,YGR003W,NA,YOR031W,NA,YPL081W,NA,NA,NA,YPL081W,YBR214W,YLR198C,NA,NA,NA,YOR096W,YNR002C,NA,NA,YOR059C,NA,NA,NA,NA,NA,NA,NA,NA,NA,NA,NA,NA,NA,NA,NA,NA,NA,NA,NA,NA
NA,NA,NA,NA,NA,NA,NA,NA,NA,NA,NA,NA,NA,NA,NA,NA,NA,NA,NA,NA,YKL175W,NA,NA,YLR363C,YOR355W,YLR198C,YGR032W,NA,YOR152C,NA,YPR033C,NA,NA,NA,YPR033C,YLR297W,YGR264C,NA,NA,NA,YOR098C,YNL012W,NA,NA,YOR062C,NA,NA,NA,NA,NA,NA,NA,NA,NA,NA,NA,NA,NA,NA,NA,NA,NA,NA,NA,NA
NA,NA,NA,NA,NA,NA,NA,NA,NA,NA,NA,NA,NA,NA,NA,NA,NA,NA,NA,NA,YLR108C,NA,NA,YLR376C,YPL026C,YLR205C,YGR044C,NA,YOR153W,NA,YGL195W,NA,NA,NA,YGL195W,YAR027W,YER138C,NA,NA,NA,YOR143C,YNL009W,NA,NA,YOR051C,NA,NA,NA,NA,NA,NA,NA,NA,NA,NA,NA,NA,NA,NA,NA,NA,NA,NA,NA,NA
NA,NA,NA,NA,NA,NA,NA,NA,NA,NA,NA,NA,NA,NA,NA,NA,NA,NA,NA,NA,YLR186W,NA,NA,NA,YPL036W,YLR221C,YGR121C,NA,YOR173W,NA,YBR025C,NA,NA,NA,YBR025C,YPR096C,YGR124W,NA,NA,NA,YOR146W,YNL202W,NA,NA,YOR028C,NA,NA,NA,NA,NA,NA,NA,NA,NA,NA,NA,NA,NA,NA,NA,NA,NA,NA,NA,NA
NA,NA,NA,NA,NA,NA,NA,NA,NA,NA,NA,NA,NA,NA,NA,NA,NA,NA,NA,NA,YLR205C,NA,NA,NA,YPL103C,YLR239C,YGR125W,NA,YOR192C,NA,NA,NA,NA,NA,NA,YCR018C,YHR157W,NA,NA,NA,YOR189W,YNL195C,NA,NA,YOL070C,NA,NA,NA,NA,NA,NA,NA,NA,NA,NA,NA,NA,NA,NA,NA,NA,NA,NA,NA,NA
NA,NA,NA,NA,NA,NA,NA,NA,NA,NA,NA,NA,NA,NA,NA,NA,NA,NA,NA,NA,YLR327C,NA,NA,NA,YPL134C,YLR243W,YGR130C,NA,YOR338W,NA,NA,NA,NA,NA,NA,YBL088C,YBR156C,NA,NA,NA,YOR213C,YNL194C,NA,NA,YOL105C,NA,NA,NA,NA,NA,NA,NA,NA,NA,NA,NA,NA,NA,NA,NA,NA,NA,NA,NA,NA
NA,NA,NA,NA,NA,NA,NA,NA,NA,NA,NA,NA,NA,NA,NA,NA,NA,NA,NA,NA,YLR405W,NA,NA,NA,YPL147W,YLR354C,YGR136W,NA,YOR382W,NA,NA,NA,NA,NA,NA,YDL093W,YMR308C,NA,NA,NA,YOR241W,YNL270C,NA,NA,YOL151W,NA,NA,NA,NA,NA,NA,NA,NA,NA,NA,NA,NA,NA,NA,NA,NA,NA,NA,NA,NA
NA,NA,NA,NA,NA,NA,NA,NA,NA,NA,NA,NA,NA,NA,NA,NA,NA,NA,NA,NA,YLR414C,NA,NA,NA,YPL167C,YLR377C,YGR156W,NA,YPL092W,NA,NA,NA,NA,NA,NA,YDL138W,YDL228C,NA,NA,NA,YOR314W,YNL335W,NA,NA,YOL137W,NA,NA,NA,NA,NA,NA,NA,NA,NA,NA,NA,NA,NA,NA,NA,NA,NA,NA,NA,NA
NA,NA,NA,NA,NA,NA,NA,NA,NA,NA,NA,NA,NA,NA,NA,NA,NA,NA,NA,NA,YML058C-A,NA,NA,NA,YPL170W,YLR401C,YGR179C,NA,YPL120W,NA,NA,NA,NA,NA,NA,YCL042W,YLR150W,NA,NA,NA,YOR320C,YMR303C,NA,NA,YOL164W,NA,NA,NA,NA,NA,NA,NA,NA,NA,NA,NA,NA,NA,NA,NA,NA,NA,NA,NA,NA
NA,NA,NA,NA,NA,NA,NA,NA,NA,NA,NA,NA,NA,NA,NA,NA,NA,NA,NA,NA,YML059C,NA,NA,NA,YPL201C,YLR409C,YGR184C,NA,YPL186C,NA,NA,NA,NA,NA,NA,YDL075W,YER030W,NA,NA,NA,YPL044C,YMR280C,NA,NA,YOL154W,NA,NA,NA,NA,NA,NA,NA,NA,NA,NA,NA,NA,NA,NA,NA,NA,NA,NA,NA,NA
NA,NA,NA,NA,NA,NA,NA,NA,NA,NA,NA,NA,NA,NA,NA,NA,NA,NA,NA,NA,YML128C,NA,NA,NA,YPL223C,YLR432W,YGR190C,NA,YPL230W,NA,NA,NA,NA,NA,NA,YPL280W,YLL051C,NA,NA,NA,YPL135W,YMR191W,NA,NA,YNR044W,NA,NA,NA,NA,NA,NA,NA,NA,NA,NA,NA,NA,NA,NA,NA,NA,NA,NA,NA,NA
NA,NA,NA,NA,NA,NA,NA,NA,NA,NA,NA,NA,NA,NA,NA,NA,NA,NA,NA,NA,YML131W,NA,NA,NA,YPR007C,YLR449W,YGR194C,NA,YPL265W,NA,NA,NA,NA,NA,NA,YKL150W,YMR108W,NA,NA,NA,YPR082C,YMR174C,NA,NA,YNR051C,NA,NA,NA,NA,NA,NA,NA,NA,NA,NA,NA,NA,NA,NA,NA,NA,NA,NA,NA,NA
NA,NA,NA,NA,NA,NA,NA,NA,NA,NA,NA,NA,NA,NA,NA,NA,NA,NA,NA,NA,YMR031C,NA,NA,NA,YPR015C,YML022W,YGR213C,NA,YPR026W,NA,NA,NA,NA,NA,NA,NA,YJL130C,NA,NA,NA,YPR090W,YMR175W,NA,NA,YNR057C,NA,NA,NA,NA,NA,NA,NA,NA,NA,NA,NA,NA,NA,NA,NA,NA,NA,NA,NA,NA
NA,NA,NA,NA,NA,NA,NA,NA,NA,NA,NA,NA,NA,NA,NA,NA,NA,NA,NA,NA,YMR173W,NA,NA,NA,YPR164W,YML047C,YGR268C,NA,YPR030W,NA,NA,NA,NA,NA,NA,NA,YCL058C,NA,NA,NA,YPR123C,YMR118C,NA,NA,YNR039C,NA,NA,NA,NA,NA,NA,NA,NA,NA,NA,NA,NA,NA,NA,NA,NA,NA,NA,NA,NA
NA,NA,NA,NA,NA,NA,NA,NA,NA,NA,NA,NA,NA,NA,NA,NA,NA,NA,NA,NA,YMR173W-A,NA,NA,NA,YPR189W,YML058W,YGR270W,NA,YPR042C,NA,NA,NA,NA,NA,NA,NA,YKL089W,NA,NA,NA,NA,YMR095C,NA,NA,YNL050C,NA,NA,NA,NA,NA,NA,NA,NA,NA,NA,NA,NA,NA,NA,NA,NA,NA,NA,NA,NA
NA,NA,NA,NA,NA,NA,NA,NA,NA,NA,NA,NA,NA,NA,NA,NA,NA,NA,NA,NA,YMR251W-A,NA,NA,NA,YPR191W,YML108W,YHL016C,NA,YPR049C,NA,NA,NA,NA,NA,NA,NA,YLL018C,NA,NA,NA,NA,YMR096W,NA,NA,YNL042W,NA,NA,NA,NA,NA,NA,NA,NA,NA,NA,NA,NA,NA,NA,NA,NA,NA,NA,NA,NA
NA,NA,NA,NA,NA,NA,NA,NA,NA,NA,NA,NA,NA,NA,NA,NA,NA,NA,NA,NA,YMR304C-A,NA,NA,NA,NA,YMR024W,YHL023C,NA,YPR151C,NA,NA,NA,NA,NA,NA,NA,YJL138C,NA,NA,NA,NA,YMR107W,NA,NA,YNL108C,NA,NA,NA,NA,NA,NA,NA,NA,NA,NA,NA,NA,NA,NA,NA,NA,NA,NA,NA,NA
NA,NA,NA,NA,NA,NA,NA,NA,NA,NA,NA,NA,NA,NA,NA,NA,NA,NA,NA,NA,YMR316W,NA,NA,NA,NA,YMR049C,YHL028W,NA,YPR154W,NA,NA,NA,NA,NA,NA,NA,YIL078W,NA,NA,NA,NA,YMR006C,NA,NA,YNL158W,NA,NA,NA,NA,NA,NA,NA,NA,NA,NA,NA,NA,NA,NA,NA,NA,NA,NA,NA,NA
NA,NA,NA,NA,NA,NA,NA,NA,NA,NA,NA,NA,NA,NA,NA,NA,NA,NA,NA,NA,YMR318C,NA,NA,NA,NA,YMR074C,YHR006W,NA,YPR194C,NA,NA,NA,NA,NA,NA,NA,YKL120W,NA,NA,NA,NA,YMR011W,NA,NA,YNL218W,NA,NA,NA,NA,NA,NA,NA,NA,NA,NA,NA,NA,NA,NA,NA,NA,NA,NA,NA,NA
NA,NA,NA,NA,NA,NA,NA,NA,NA,NA,NA,NA,NA,NA,NA,NA,NA,NA,NA,NA,YNL013C,NA,NA,NA,NA,YMR093W,YHR016C,NA,NA,NA,NA,NA,NA,NA,NA,NA,YLR044C,NA,NA,NA,NA,YML042W,NA,NA,YNL238W,NA,NA,NA,NA,NA,NA,NA,NA,NA,NA,NA,NA,NA,NA,NA,NA,NA,NA,NA,NA
NA,NA,NA,NA,NA,NA,NA,NA,NA,NA,NA,NA,NA,NA,NA,NA,NA,NA,NA,NA,YNL134C,NA,NA,NA,NA,YMR096W,YHR028C,NA,NA,NA,NA,NA,NA,NA,NA,NA,YOR188W,NA,NA,NA,NA,YML054C,NA,NA,YNL231C,NA,NA,NA,NA,NA,NA,NA,NA,NA,NA,NA,NA,NA,NA,NA,NA,NA,NA,NA,NA
NA,NA,NA,NA,NA,NA,NA,NA,NA,NA,NA,NA,NA,NA,NA,NA,NA,NA,NA,NA,YNL149C,NA,NA,NA,NA,YMR131C,YHR029C,NA,NA,NA,NA,NA,NA,NA,NA,NA,YMR260C,NA,NA,NA,NA,YML128C,NA,NA,YNL282W,NA,NA,NA,NA,NA,NA,NA,NA,NA,NA,NA,NA,NA,NA,NA,NA,NA,NA,NA,NA
NA,NA,NA,NA,NA,NA,NA,NA,NA,NA,NA,NA,NA,NA,NA,NA,NA,NA,NA,NA,YNL208W,NA,NA,NA,NA,YMR157C,YHR036W,NA,NA,NA,NA,NA,NA,NA,NA,NA,NA,NA,NA,NA,NA,YML122C,NA,NA,YNL279W,NA,NA,NA,NA,NA,NA,NA,NA,NA,NA,NA,NA,NA,NA,NA,NA,NA,NA,NA,NA
NA,NA,NA,NA,NA,NA,NA,NA,NA,NA,NA,NA,NA,NA,NA,NA,NA,NA,NA,NA,YNL300W,NA,NA,NA,NA,YMR279C,YHR079C,NA,NA,NA,NA,NA,NA,NA,NA,NA,NA,NA,NA,NA,NA,YLR411W,NA,NA,YMR320W,NA,NA,NA,NA,NA,NA,NA,NA,NA,NA,NA,NA,NA,NA,NA,NA,NA,NA,NA,NA
NA,NA,NA,NA,NA,NA,NA,NA,NA,NA,NA,NA,NA,NA,NA,NA,NA,NA,NA,NA,YOL150C,NA,NA,NA,NA,YMR290C,YHR097C,NA,NA,NA,NA,NA,NA,NA,NA,NA,NA,NA,NA,NA,NA,YLR377C,NA,NA,YMR306W,NA,NA,NA,NA,NA,NA,NA,NA,NA,NA,NA,NA,NA,NA,NA,NA,NA,NA,NA,NA
NA,NA,NA,NA,NA,NA,NA,NA,NA,NA,NA,NA,NA,NA,NA,NA,NA,NA,NA,NA,YOL151W,NA,NA,NA,NA,YMR300C,YHR099W,NA,NA,NA,NA,NA,NA,NA,NA,NA,NA,NA,NA,NA,NA,NA,NA,NA,YMR288W,NA,NA,NA,NA,NA,NA,NA,NA,NA,NA,NA,NA,NA,NA,NA,NA,NA,NA,NA,NA
NA,NA,NA,NA,NA,NA,NA,NA,NA,NA,NA,NA,NA,NA,NA,NA,NA,NA,NA,NA,YOR049C,NA,NA,NA,NA,YMR309C,YHR104W,NA,NA,NA,NA,NA,NA,NA,NA,NA,NA,NA,NA,NA,NA,NA,NA,NA,YMR255W,NA,NA,NA,NA,NA,NA,NA,NA,NA,NA,NA,NA,NA,NA,NA,NA,NA,NA,NA,NA
NA,NA,NA,NA,NA,NA,NA,NA,NA,NA,NA,NA,NA,NA,NA,NA,NA,NA,NA,NA,YOR161C,NA,NA,NA,NA,YNL058C,YHR111W,NA,NA,NA,NA,NA,NA,NA,NA,NA,NA,NA,NA,NA,NA,NA,NA,NA,YMR262W,NA,NA,NA,NA,NA,NA,NA,NA,NA,NA,NA,NA,NA,NA,NA,NA,NA,NA,NA,NA
NA,NA,NA,NA,NA,NA,NA,NA,NA,NA,NA,NA,NA,NA,NA,NA,NA,NA,NA,NA,YPL183C,NA,NA,NA,NA,YNL061W,YHR113W,NA,NA,NA,NA,NA,NA,NA,NA,NA,NA,NA,NA,NA,NA,NA,NA,NA,YMR223W,NA,NA,NA,NA,NA,NA,NA,NA,NA,NA,NA,NA,NA,NA,NA,NA,NA,NA,NA,NA
NA,NA,NA,NA,NA,NA,NA,NA,NA,NA,NA,NA,NA,NA,NA,NA,NA,NA,NA,NA,NA,NA,NA,NA,NA,YNL062C,YHR136C,NA,NA,NA,NA,NA,NA,NA,NA,NA,NA,NA,NA,NA,NA,NA,NA,NA,YMR169C,NA,NA,NA,NA,NA,NA,NA,NA,NA,NA,NA,NA,NA,NA,NA,NA,NA,NA,NA,NA
NA,NA,NA,NA,NA,NA,NA,NA,NA,NA,NA,NA,NA,NA,NA,NA,NA,NA,NA,NA,NA,NA,NA,NA,NA,YNL067W,YHR139C,NA,NA,NA,NA,NA,NA,NA,NA,NA,NA,NA,NA,NA,NA,NA,NA,NA,YMR077C,NA,NA,NA,NA,NA,NA,NA,NA,NA,NA,NA,NA,NA,NA,NA,NA,NA,NA,NA,NA
NA,NA,NA,NA,NA,NA,NA,NA,NA,NA,NA,NA,NA,NA,NA,NA,NA,NA,NA,NA,NA,NA,NA,NA,NA,YNL075W,YHR155W,NA,NA,NA,NA,NA,NA,NA,NA,NA,NA,NA,NA,NA,NA,NA,NA,NA,YMR080C,NA,NA,NA,NA,NA,NA,NA,NA,NA,NA,NA,NA,NA,NA,NA,NA,NA,NA,NA,NA
NA,NA,NA,NA,NA,NA,NA,NA,NA,NA,NA,NA,NA,NA,NA,NA,NA,NA,NA,NA,NA,NA,NA,NA,NA,YNL119W,YHR158C,NA,NA,NA,NA,NA,NA,NA,NA,NA,NA,NA,NA,NA,NA,NA,NA,NA,YMR047C,NA,NA,NA,NA,NA,NA,NA,NA,NA,NA,NA,NA,NA,NA,NA,NA,NA,NA,NA,NA
NA,NA,NA,NA,NA,NA,NA,NA,NA,NA,NA,NA,NA,NA,NA,NA,NA,NA,NA,NA,NA,NA,NA,NA,NA,YNL146W,YHR164C,NA,NA,NA,NA,NA,NA,NA,NA,NA,NA,NA,NA,NA,NA,NA,NA,NA,YMR021C,NA,NA,NA,NA,NA,NA,NA,NA,NA,NA,NA,NA,NA,NA,NA,NA,NA,NA,NA,NA
NA,NA,NA,NA,NA,NA,NA,NA,NA,NA,NA,NA,NA,NA,NA,NA,NA,NA,NA,NA,NA,NA,NA,NA,NA,YNL175C,YHR171W,NA,NA,NA,NA,NA,NA,NA,NA,NA,NA,NA,NA,NA,NA,NA,NA,NA,YMR011W,NA,NA,NA,NA,NA,NA,NA,NA,NA,NA,NA,NA,NA,NA,NA,NA,NA,NA,NA,NA
NA,NA,NA,NA,NA,NA,NA,NA,NA,NA,NA,NA,NA,NA,NA,NA,NA,NA,NA,NA,NA,NA,NA,NA,NA,YNL211C,YHR205W,NA,NA,NA,NA,NA,NA,NA,NA,NA,NA,NA,NA,NA,NA,NA,NA,NA,YMR014W,NA,NA,NA,NA,NA,NA,NA,NA,NA,NA,NA,NA,NA,NA,NA,NA,NA,NA,NA,NA
NA,NA,NA,NA,NA,NA,NA,NA,NA,NA,NA,NA,NA,NA,NA,NA,NA,NA,NA,NA,NA,NA,NA,NA,NA,YNL244C,YHR207C,NA,NA,NA,NA,NA,NA,NA,NA,NA,NA,NA,NA,NA,NA,NA,NA,NA,YML034W,NA,NA,NA,NA,NA,NA,NA,NA,NA,NA,NA,NA,NA,NA,NA,NA,NA,NA,NA,NA
NA,NA,NA,NA,NA,NA,NA,NA,NA,NA,NA,NA,NA,NA,NA,NA,NA,NA,NA,NA,NA,NA,NA,NA,NA,YNL248C,YIL009W,NA,NA,NA,NA,NA,NA,NA,NA,NA,NA,NA,NA,NA,NA,NA,NA,NA,YLR410W,NA,NA,NA,NA,NA,NA,NA,NA,NA,NA,NA,NA,NA,NA,NA,NA,NA,NA,NA,NA
NA,NA,NA,NA,NA,NA,NA,NA,NA,NA,NA,NA,NA,NA,NA,NA,NA,NA,NA,NA,NA,NA,NA,NA,NA,YNL255C,YIL013C,NA,NA,NA,NA,NA,NA,NA,NA,NA,NA,NA,NA,NA,NA,NA,NA,NA,YLR424W,NA,NA,NA,NA,NA,NA,NA,NA,NA,NA,NA,NA,NA,NA,NA,NA,NA,NA,NA,NA
NA,NA,NA,NA,NA,NA,NA,NA,NA,NA,NA,NA,NA,NA,NA,NA,NA,NA,NA,NA,NA,NA,NA,NA,NA,YNL282W,YIL024C,NA,NA,NA,NA,NA,NA,NA,NA,NA,NA,NA,NA,NA,NA,NA,NA,NA,YLR403W,NA,NA,NA,NA,NA,NA,NA,NA,NA,NA,NA,NA,NA,NA,NA,NA,NA,NA,NA,NA
NA,NA,NA,NA,NA,NA,NA,NA,NA,NA,NA,NA,NA,NA,NA,NA,NA,NA,NA,NA,NA,NA,NA,NA,NA,YNR029C,YIL026C,NA,NA,NA,NA,NA,NA,NA,NA,NA,NA,NA,NA,NA,NA,NA,NA,NA,YLR404W,NA,NA,NA,NA,NA,NA,NA,NA,NA,NA,NA,NA,NA,NA,NA,NA,NA,NA,NA,NA
NA,NA,NA,NA,NA,NA,NA,NA,NA,NA,NA,NA,NA,NA,NA,NA,NA,NA,NA,NA,NA,NA,NA,NA,NA,YNR030W,YIL045W,NA,NA,NA,NA,NA,NA,NA,NA,NA,NA,NA,NA,NA,NA,NA,NA,NA,YLR376C,NA,NA,NA,NA,NA,NA,NA,NA,NA,NA,NA,NA,NA,NA,NA,NA,NA,NA,NA,NA
NA,NA,NA,NA,NA,NA,NA,NA,NA,NA,NA,NA,NA,NA,NA,NA,NA,NA,NA,NA,NA,NA,NA,NA,NA,YNR044W,YIL050W,NA,NA,NA,NA,NA,NA,NA,NA,NA,NA,NA,NA,NA,NA,NA,NA,NA,YLR361C,NA,NA,NA,NA,NA,NA,NA,NA,NA,NA,NA,NA,NA,NA,NA,NA,NA,NA,NA,NA
NA,NA,NA,NA,NA,NA,NA,NA,NA,NA,NA,NA,NA,NA,NA,NA,NA,NA,NA,NA,NA,NA,NA,NA,NA,YNR058W,YIL055C,NA,NA,NA,NA,NA,NA,NA,NA,NA,NA,NA,NA,NA,NA,NA,NA,NA,YLR319C,NA,NA,NA,NA,NA,NA,NA,NA,NA,NA,NA,NA,NA,NA,NA,NA,NA,NA,NA,NA
NA,NA,NA,NA,NA,NA,NA,NA,NA,NA,NA,NA,NA,NA,NA,NA,NA,NA,NA,NA,NA,NA,NA,NA,NA,YNR061C,YIL056W,NA,NA,NA,NA,NA,NA,NA,NA,NA,NA,NA,NA,NA,NA,NA,NA,NA,YLR323C,NA,NA,NA,NA,NA,NA,NA,NA,NA,NA,NA,NA,NA,NA,NA,NA,NA,NA,NA,NA
NA,NA,NA,NA,NA,NA,NA,NA,NA,NA,NA,NA,NA,NA,NA,NA,NA,NA,NA,NA,NA,NA,NA,NA,NA,YOL010W,YIL059C,NA,NA,NA,NA,NA,NA,NA,NA,NA,NA,NA,NA,NA,NA,NA,NA,NA,YEL021W,NA,NA,NA,NA,NA,NA,NA,NA,NA,NA,NA,NA,NA,NA,NA,NA,NA,NA,NA,NA
NA,NA,NA,NA,NA,NA,NA,NA,NA,NA,NA,NA,NA,NA,NA,NA,NA,NA,NA,NA,NA,NA,NA,NA,NA,YOL020W,YIL089W,NA,NA,NA,NA,NA,NA,NA,NA,NA,NA,NA,NA,NA,NA,NA,NA,NA,NA,NA,NA,NA,NA,NA,NA,NA,NA,NA,NA,NA,NA,NA,NA,NA,NA,NA,NA,NA,NA
NA,NA,NA,NA,NA,NA,NA,NA,NA,NA,NA,NA,NA,NA,NA,NA,NA,NA,NA,NA,NA,NA,NA,NA,NA,YOL027C,YIL129C,NA,NA,NA,NA,NA,NA,NA,NA,NA,NA,NA,NA,NA,NA,NA,NA,NA,NA,NA,NA,NA,NA,NA,NA,NA,NA,NA,NA,NA,NA,NA,NA,NA,NA,NA,NA,NA,NA
NA,NA,NA,NA,NA,NA,NA,NA,NA,NA,NA,NA,NA,NA,NA,NA,NA,NA,NA,NA,NA,NA,NA,NA,NA,YOL042W,YIL149C,NA,NA,NA,NA,NA,NA,NA,NA,NA,NA,NA,NA,NA,NA,NA,NA,NA,NA,NA,NA,NA,NA,NA,NA,NA,NA,NA,NA,NA,NA,NA,NA,NA,NA,NA,NA,NA,NA
NA,NA,NA,NA,NA,NA,NA,NA,NA,NA,NA,NA,NA,NA,NA,NA,NA,NA,NA,NA,NA,NA,NA,NA,NA,YOL077C,YIL153W,NA,NA,NA,NA,NA,NA,NA,NA,NA,NA,NA,NA,NA,NA,NA,NA,NA,NA,NA,NA,NA,NA,NA,NA,NA,NA,NA,NA,NA,NA,NA,NA,NA,NA,NA,NA,NA,NA
NA,NA,NA,NA,NA,NA,NA,NA,NA,NA,NA,NA,NA,NA,NA,NA,NA,NA,NA,NA,NA,NA,NA,NA,NA,YOL080C,YIL162W,NA,NA,NA,NA,NA,NA,NA,NA,NA,NA,NA,NA,NA,NA,NA,NA,NA,NA,NA,NA,NA,NA,NA,NA,NA,NA,NA,NA,NA,NA,NA,NA,NA,NA,NA,NA,NA,NA
NA,NA,NA,NA,NA,NA,NA,NA,NA,NA,NA,NA,NA,NA,NA,NA,NA,NA,NA,NA,NA,NA,NA,NA,NA,YOL122C,YIL167W,NA,NA,NA,NA,NA,NA,NA,NA,NA,NA,NA,NA,NA,NA,NA,NA,NA,NA,NA,NA,NA,NA,NA,NA,NA,NA,NA,NA,NA,NA,NA,NA,NA,NA,NA,NA,NA,NA
NA,NA,NA,NA,NA,NA,NA,NA,NA,NA,NA,NA,NA,NA,NA,NA,NA,NA,NA,NA,NA,NA,NA,NA,NA,YOL124C,YIR007W,NA,NA,NA,NA,NA,NA,NA,NA,NA,NA,NA,NA,NA,NA,NA,NA,NA,NA,NA,NA,NA,NA,NA,NA,NA,NA,NA,NA,NA,NA,NA,NA,NA,NA,NA,NA,NA,NA
NA,NA,NA,NA,NA,NA,NA,NA,NA,NA,NA,NA,NA,NA,NA,NA,NA,NA,NA,NA,NA,NA,NA,NA,NA,YOR004W,YIR010W,NA,NA,NA,NA,NA,NA,NA,NA,NA,NA,NA,NA,NA,NA,NA,NA,NA,NA,NA,NA,NA,NA,NA,NA,NA,NA,NA,NA,NA,NA,NA,NA,NA,NA,NA,NA,NA,NA
NA,NA,NA,NA,NA,NA,NA,NA,NA,NA,NA,NA,NA,NA,NA,NA,NA,NA,NA,NA,NA,NA,NA,NA,NA,YOR021C,YIR014W,NA,NA,NA,NA,NA,NA,NA,NA,NA,NA,NA,NA,NA,NA,NA,NA,NA,NA,NA,NA,NA,NA,NA,NA,NA,NA,NA,NA,NA,NA,NA,NA,NA,NA,NA,NA,NA,NA
NA,NA,NA,NA,NA,NA,NA,NA,NA,NA,NA,NA,NA,NA,NA,NA,NA,NA,NA,NA,NA,NA,NA,NA,NA,YOR051C,YIR018W,NA,NA,NA,NA,NA,NA,NA,NA,NA,NA,NA,NA,NA,NA,NA,NA,NA,NA,NA,NA,NA,NA,NA,NA,NA,NA,NA,NA,NA,NA,NA,NA,NA,NA,NA,NA,NA,NA
NA,NA,NA,NA,NA,NA,NA,NA,NA,NA,NA,NA,NA,NA,NA,NA,NA,NA,NA,NA,NA,NA,NA,NA,NA,YOR056C,YIR027C,NA,NA,NA,NA,NA,NA,NA,NA,NA,NA,NA,NA,NA,NA,NA,NA,NA,NA,NA,NA,NA,NA,NA,NA,NA,NA,NA,NA,NA,NA,NA,NA,NA,NA,NA,NA,NA,NA
NA,NA,NA,NA,NA,NA,NA,NA,NA,NA,NA,NA,NA,NA,NA,NA,NA,NA,NA,NA,NA,NA,NA,NA,NA,YOR063W,YIR029W,NA,NA,NA,NA,NA,NA,NA,NA,NA,NA,NA,NA,NA,NA,NA,NA,NA,NA,NA,NA,NA,NA,NA,NA,NA,NA,NA,NA,NA,NA,NA,NA,NA,NA,NA,NA,NA,NA
NA,NA,NA,NA,NA,NA,NA,NA,NA,NA,NA,NA,NA,NA,NA,NA,NA,NA,NA,NA,NA,NA,NA,NA,NA,YOR087W,YIR030C,NA,NA,NA,NA,NA,NA,NA,NA,NA,NA,NA,NA,NA,NA,NA,NA,NA,NA,NA,NA,NA,NA,NA,NA,NA,NA,NA,NA,NA,NA,NA,NA,NA,NA,NA,NA,NA,NA
NA,NA,NA,NA,NA,NA,NA,NA,NA,NA,NA,NA,NA,NA,NA,NA,NA,NA,NA,NA,NA,NA,NA,NA,NA,YOR103C,YIR031C,NA,NA,NA,NA,NA,NA,NA,NA,NA,NA,NA,NA,NA,NA,NA,NA,NA,NA,NA,NA,NA,NA,NA,NA,NA,NA,NA,NA,NA,NA,NA,NA,NA,NA,NA,NA,NA,NA
NA,NA,NA,NA,NA,NA,NA,NA,NA,NA,NA,NA,NA,NA,NA,NA,NA,NA,NA,NA,NA,NA,NA,NA,NA,YOR167C,YIR032C,NA,NA,NA,NA,NA,NA,NA,NA,NA,NA,NA,NA,NA,NA,NA,NA,NA,NA,NA,NA,NA,NA,NA,NA,NA,NA,NA,NA,NA,NA,NA,NA,NA,NA,NA,NA,NA,NA
NA,NA,NA,NA,NA,NA,NA,NA,NA,NA,NA,NA,NA,NA,NA,NA,NA,NA,NA,NA,NA,NA,NA,NA,NA,YOR206W,YIR042C,NA,NA,NA,NA,NA,NA,NA,NA,NA,NA,NA,NA,NA,NA,NA,NA,NA,NA,NA,NA,NA,NA,NA,NA,NA,NA,NA,NA,NA,NA,NA,NA,NA,NA,NA,NA,NA,NA
NA,NA,NA,NA,NA,NA,NA,NA,NA,NA,NA,NA,NA,NA,NA,NA,NA,NA,NA,NA,NA,NA,NA,NA,NA,YOR252W,YJL017W,NA,NA,NA,NA,NA,NA,NA,NA,NA,NA,NA,NA,NA,NA,NA,NA,NA,NA,NA,NA,NA,NA,NA,NA,NA,NA,NA,NA,NA,NA,NA,NA,NA,NA,NA,NA,NA,NA
NA,NA,NA,NA,NA,NA,NA,NA,NA,NA,NA,NA,NA,NA,NA,NA,NA,NA,NA,NA,NA,NA,NA,NA,NA,YOR272W,YJL042W,NA,NA,NA,NA,NA,NA,NA,NA,NA,NA,NA,NA,NA,NA,NA,NA,NA,NA,NA,NA,NA,NA,NA,NA,NA,NA,NA,NA,NA,NA,NA,NA,NA,NA,NA,NA,NA,NA
NA,NA,NA,NA,NA,NA,NA,NA,NA,NA,NA,NA,NA,NA,NA,NA,NA,NA,NA,NA,NA,NA,NA,NA,NA,YOR293W,YJL047C,NA,NA,NA,NA,NA,NA,NA,NA,NA,NA,NA,NA,NA,NA,NA,NA,NA,NA,NA,NA,NA,NA,NA,NA,NA,NA,NA,NA,NA,NA,NA,NA,NA,NA,NA,NA,NA,NA
NA,NA,NA,NA,NA,NA,NA,NA,NA,NA,NA,NA,NA,NA,NA,NA,NA,NA,NA,NA,NA,NA,NA,NA,NA,YOR309C,YJL074C,NA,NA,NA,NA,NA,NA,NA,NA,NA,NA,NA,NA,NA,NA,NA,NA,NA,NA,NA,NA,NA,NA,NA,NA,NA,NA,NA,NA,NA,NA,NA,NA,NA,NA,NA,NA,NA,NA
NA,NA,NA,NA,NA,NA,NA,NA,NA,NA,NA,NA,NA,NA,NA,NA,NA,NA,NA,NA,NA,NA,NA,NA,NA,YOR310C,YJL083W,NA,NA,NA,NA,NA,NA,NA,NA,NA,NA,NA,NA,NA,NA,NA,NA,NA,NA,NA,NA,NA,NA,NA,NA,NA,NA,NA,NA,NA,NA,NA,NA,NA,NA,NA,NA,NA,NA
NA,NA,NA,NA,NA,NA,NA,NA,NA,NA,NA,NA,NA,NA,NA,NA,NA,NA,NA,NA,NA,NA,NA,NA,NA,YOR356W,YJL084C,NA,NA,NA,NA,NA,NA,NA,NA,NA,NA,NA,NA,NA,NA,NA,NA,NA,NA,NA,NA,NA,NA,NA,NA,NA,NA,NA,NA,NA,NA,NA,NA,NA,NA,NA,NA,NA,NA
NA,NA,NA,NA,NA,NA,NA,NA,NA,NA,NA,NA,NA,NA,NA,NA,NA,NA,NA,NA,NA,NA,NA,NA,NA,YOR359W,YJL094C,NA,NA,NA,NA,NA,NA,NA,NA,NA,NA,NA,NA,NA,NA,NA,NA,NA,NA,NA,NA,NA,NA,NA,NA,NA,NA,NA,NA,NA,NA,NA,NA,NA,NA,NA,NA,NA,NA
NA,NA,NA,NA,NA,NA,NA,NA,NA,NA,NA,NA,NA,NA,NA,NA,NA,NA,NA,NA,NA,NA,NA,NA,NA,YPL012W,YJL149W,NA,NA,NA,NA,NA,NA,NA,NA,NA,NA,NA,NA,NA,NA,NA,NA,NA,NA,NA,NA,NA,NA,NA,NA,NA,NA,NA,NA,NA,NA,NA,NA,NA,NA,NA,NA,NA,NA
NA,NA,NA,NA,NA,NA,NA,NA,NA,NA,NA,NA,NA,NA,NA,NA,NA,NA,NA,NA,NA,NA,NA,NA,NA,YPL163C,YJL172W,NA,NA,NA,NA,NA,NA,NA,NA,NA,NA,NA,NA,NA,NA,NA,NA,NA,NA,NA,NA,NA,NA,NA,NA,NA,NA,NA,NA,NA,NA,NA,NA,NA,NA,NA,NA,NA,NA
NA,NA,NA,NA,NA,NA,NA,NA,NA,NA,NA,NA,NA,NA,NA,NA,NA,NA,NA,NA,NA,NA,NA,NA,NA,YPL211W,YJR019C,NA,NA,NA,NA,NA,NA,NA,NA,NA,NA,NA,NA,NA,NA,NA,NA,NA,NA,NA,NA,NA,NA,NA,NA,NA,NA,NA,NA,NA,NA,NA,NA,NA,NA,NA,NA,NA,NA
NA,NA,NA,NA,NA,NA,NA,NA,NA,NA,NA,NA,NA,NA,NA,NA,NA,NA,NA,NA,NA,NA,NA,NA,NA,YPL249C,YJR059W,NA,NA,NA,NA,NA,NA,NA,NA,NA,NA,NA,NA,NA,NA,NA,NA,NA,NA,NA,NA,NA,NA,NA,NA,NA,NA,NA,NA,NA,NA,NA,NA,NA,NA,NA,NA,NA,NA
NA,NA,NA,NA,NA,NA,NA,NA,NA,NA,NA,NA,NA,NA,NA,NA,NA,NA,NA,NA,NA,NA,NA,NA,NA,YPL273W,YJR066W,NA,NA,NA,NA,NA,NA,NA,NA,NA,NA,NA,NA,NA,NA,NA,NA,NA,NA,NA,NA,NA,NA,NA,NA,NA,NA,NA,NA,NA,NA,NA,NA,NA,NA,NA,NA,NA,NA
NA,NA,NA,NA,NA,NA,NA,NA,NA,NA,NA,NA,NA,NA,NA,NA,NA,NA,NA,NA,NA,NA,NA,NA,NA,YPR010C,YJR096W,NA,NA,NA,NA,NA,NA,NA,NA,NA,NA,NA,NA,NA,NA,NA,NA,NA,NA,NA,NA,NA,NA,NA,NA,NA,NA,NA,NA,NA,NA,NA,NA,NA,NA,NA,NA,NA,NA
NA,NA,NA,NA,NA,NA,NA,NA,NA,NA,NA,NA,NA,NA,NA,NA,NA,NA,NA,NA,NA,NA,NA,NA,NA,YPR020W,YJR138W,NA,NA,NA,NA,NA,NA,NA,NA,NA,NA,NA,NA,NA,NA,NA,NA,NA,NA,NA,NA,NA,NA,NA,NA,NA,NA,NA,NA,NA,NA,NA,NA,NA,NA,NA,NA,NA,NA
NA,NA,NA,NA,NA,NA,NA,NA,NA,NA,NA,NA,NA,NA,NA,NA,NA,NA,NA,NA,NA,NA,NA,NA,NA,YPR041W,YJR147W,NA,NA,NA,NA,NA,NA,NA,NA,NA,NA,NA,NA,NA,NA,NA,NA,NA,NA,NA,NA,NA,NA,NA,NA,NA,NA,NA,NA,NA,NA,NA,NA,NA,NA,NA,NA,NA,NA
NA,NA,NA,NA,NA,NA,NA,NA,NA,NA,NA,NA,NA,NA,NA,NA,NA,NA,NA,NA,NA,NA,NA,NA,NA,YPR077C,YJR151C,NA,NA,NA,NA,NA,NA,NA,NA,NA,NA,NA,NA,NA,NA,NA,NA,NA,NA,NA,NA,NA,NA,NA,NA,NA,NA,NA,NA,NA,NA,NA,NA,NA,NA,NA,NA,NA,NA
NA,NA,NA,NA,NA,NA,NA,NA,NA,NA,NA,NA,NA,NA,NA,NA,NA,NA,NA,NA,NA,NA,NA,NA,NA,YPR110C,YJR152W,NA,NA,NA,NA,NA,NA,NA,NA,NA,NA,NA,NA,NA,NA,NA,NA,NA,NA,NA,NA,NA,NA,NA,NA,NA,NA,NA,NA,NA,NA,NA,NA,NA,NA,NA,NA,NA,NA
NA,NA,NA,NA,NA,NA,NA,NA,NA,NA,NA,NA,NA,NA,NA,NA,NA,NA,NA,NA,NA,NA,NA,NA,NA,YPR133W,YKL022C,NA,NA,NA,NA,NA,NA,NA,NA,NA,NA,NA,NA,NA,NA,NA,NA,NA,NA,NA,NA,NA,NA,NA,NA,NA,NA,NA,NA,NA,NA,NA,NA,NA,NA,NA,NA,NA,NA
NA,NA,NA,NA,NA,NA,NA,NA,NA,NA,NA,NA,NA,NA,NA,NA,NA,NA,NA,NA,NA,NA,NA,NA,NA,YPR144C,YKL023W,NA,NA,NA,NA,NA,NA,NA,NA,NA,NA,NA,NA,NA,NA,NA,NA,NA,NA,NA,NA,NA,NA,NA,NA,NA,NA,NA,NA,NA,NA,NA,NA,NA,NA,NA,NA,NA,NA
NA,NA,NA,NA,NA,NA,NA,NA,NA,NA,NA,NA,NA,NA,NA,NA,NA,NA,NA,NA,NA,NA,NA,NA,NA,YPR195C,YKL031W,NA,NA,NA,NA,NA,NA,NA,NA,NA,NA,NA,NA,NA,NA,NA,NA,NA,NA,NA,NA,NA,NA,NA,NA,NA,NA,NA,NA,NA,NA,NA,NA,NA,NA,NA,NA,NA,NA
NA,NA,NA,NA,NA,NA,NA,NA,NA,NA,NA,NA,NA,NA,NA,NA,NA,NA,NA,NA,NA,NA,NA,NA,NA,NA,YKL043W,NA,NA,NA,NA,NA,NA,NA,NA,NA,NA,NA,NA,NA,NA,NA,NA,NA,NA,NA,NA,NA,NA,NA,NA,NA,NA,NA,NA,NA,NA,NA,NA,NA,NA,NA,NA,NA,NA
NA,NA,NA,NA,NA,NA,NA,NA,NA,NA,NA,NA,NA,NA,NA,NA,NA,NA,NA,NA,NA,NA,NA,NA,NA,NA,YKL059C,NA,NA,NA,NA,NA,NA,NA,NA,NA,NA,NA,NA,NA,NA,NA,NA,NA,NA,NA,NA,NA,NA,NA,NA,NA,NA,NA,NA,NA,NA,NA,NA,NA,NA,NA,NA,NA,NA
NA,NA,NA,NA,NA,NA,NA,NA,NA,NA,NA,NA,NA,NA,NA,NA,NA,NA,NA,NA,NA,NA,NA,NA,NA,NA,YKL075C,NA,NA,NA,NA,NA,NA,NA,NA,NA,NA,NA,NA,NA,NA,NA,NA,NA,NA,NA,NA,NA,NA,NA,NA,NA,NA,NA,NA,NA,NA,NA,NA,NA,NA,NA,NA,NA,NA
NA,NA,NA,NA,NA,NA,NA,NA,NA,NA,NA,NA,NA,NA,NA,NA,NA,NA,NA,NA,NA,NA,NA,NA,NA,NA,YKL076C,NA,NA,NA,NA,NA,NA,NA,NA,NA,NA,NA,NA,NA,NA,NA,NA,NA,NA,NA,NA,NA,NA,NA,NA,NA,NA,NA,NA,NA,NA,NA,NA,NA,NA,NA,NA,NA,NA
NA,NA,NA,NA,NA,NA,NA,NA,NA,NA,NA,NA,NA,NA,NA,NA,NA,NA,NA,NA,NA,NA,NA,NA,NA,NA,YKL103C,NA,NA,NA,NA,NA,NA,NA,NA,NA,NA,NA,NA,NA,NA,NA,NA,NA,NA,NA,NA,NA,NA,NA,NA,NA,NA,NA,NA,NA,NA,NA,NA,NA,NA,NA,NA,NA,NA
NA,NA,NA,NA,NA,NA,NA,NA,NA,NA,NA,NA,NA,NA,NA,NA,NA,NA,NA,NA,NA,NA,NA,NA,NA,NA,YKL112W,NA,NA,NA,NA,NA,NA,NA,NA,NA,NA,NA,NA,NA,NA,NA,NA,NA,NA,NA,NA,NA,NA,NA,NA,NA,NA,NA,NA,NA,NA,NA,NA,NA,NA,NA,NA,NA,NA
NA,NA,NA,NA,NA,NA,NA,NA,NA,NA,NA,NA,NA,NA,NA,NA,NA,NA,NA,NA,NA,NA,NA,NA,NA,NA,YKL124W,NA,NA,NA,NA,NA,NA,NA,NA,NA,NA,NA,NA,NA,NA,NA,NA,NA,NA,NA,NA,NA,NA,NA,NA,NA,NA,NA,NA,NA,NA,NA,NA,NA,NA,NA,NA,NA,NA
NA,NA,NA,NA,NA,NA,NA,NA,NA,NA,NA,NA,NA,NA,NA,NA,NA,NA,NA,NA,NA,NA,NA,NA,NA,NA,YKL142W,NA,NA,NA,NA,NA,NA,NA,NA,NA,NA,NA,NA,NA,NA,NA,NA,NA,NA,NA,NA,NA,NA,NA,NA,NA,NA,NA,NA,NA,NA,NA,NA,NA,NA,NA,NA,NA,NA
NA,NA,NA,NA,NA,NA,NA,NA,NA,NA,NA,NA,NA,NA,NA,NA,NA,NA,NA,NA,NA,NA,NA,NA,NA,NA,YKL203C,NA,NA,NA,NA,NA,NA,NA,NA,NA,NA,NA,NA,NA,NA,NA,NA,NA,NA,NA,NA,NA,NA,NA,NA,NA,NA,NA,NA,NA,NA,NA,NA,NA,NA,NA,NA,NA,NA
NA,NA,NA,NA,NA,NA,NA,NA,NA,NA,NA,NA,NA,NA,NA,NA,NA,NA,NA,NA,NA,NA,NA,NA,NA,NA,YKL215C,NA,NA,NA,NA,NA,NA,NA,NA,NA,NA,NA,NA,NA,NA,NA,NA,NA,NA,NA,NA,NA,NA,NA,NA,NA,NA,NA,NA,NA,NA,NA,NA,NA,NA,NA,NA,NA,NA
NA,NA,NA,NA,NA,NA,NA,NA,NA,NA,NA,NA,NA,NA,NA,NA,NA,NA,NA,NA,NA,NA,NA,NA,NA,NA,YKL218C,NA,NA,NA,NA,NA,NA,NA,NA,NA,NA,NA,NA,NA,NA,NA,NA,NA,NA,NA,NA,NA,NA,NA,NA,NA,NA,NA,NA,NA,NA,NA,NA,NA,NA,NA,NA,NA,NA
NA,NA,NA,NA,NA,NA,NA,NA,NA,NA,NA,NA,NA,NA,NA,NA,NA,NA,NA,NA,NA,NA,NA,NA,NA,NA,YKR021W,NA,NA,NA,NA,NA,NA,NA,NA,NA,NA,NA,NA,NA,NA,NA,NA,NA,NA,NA,NA,NA,NA,NA,NA,NA,NA,NA,NA,NA,NA,NA,NA,NA,NA,NA,NA,NA,NA
NA,NA,NA,NA,NA,NA,NA,NA,NA,NA,NA,NA,NA,NA,NA,NA,NA,NA,NA,NA,NA,NA,NA,NA,NA,NA,YKR031C,NA,NA,NA,NA,NA,NA,NA,NA,NA,NA,NA,NA,NA,NA,NA,NA,NA,NA,NA,NA,NA,NA,NA,NA,NA,NA,NA,NA,NA,NA,NA,NA,NA,NA,NA,NA,NA,NA
NA,NA,NA,NA,NA,NA,NA,NA,NA,NA,NA,NA,NA,NA,NA,NA,NA,NA,NA,NA,NA,NA,NA,NA,NA,NA,YKR034W,NA,NA,NA,NA,NA,NA,NA,NA,NA,NA,NA,NA,NA,NA,NA,NA,NA,NA,NA,NA,NA,NA,NA,NA,NA,NA,NA,NA,NA,NA,NA,NA,NA,NA,NA,NA,NA,NA
NA,NA,NA,NA,NA,NA,NA,NA,NA,NA,NA,NA,NA,NA,NA,NA,NA,NA,NA,NA,NA,NA,NA,NA,NA,NA,YKR039W,NA,NA,NA,NA,NA,NA,NA,NA,NA,NA,NA,NA,NA,NA,NA,NA,NA,NA,NA,NA,NA,NA,NA,NA,NA,NA,NA,NA,NA,NA,NA,NA,NA,NA,NA,NA,NA,NA
NA,NA,NA,NA,NA,NA,NA,NA,NA,NA,NA,NA,NA,NA,NA,NA,NA,NA,NA,NA,NA,NA,NA,NA,NA,NA,YKR106W,NA,NA,NA,NA,NA,NA,NA,NA,NA,NA,NA,NA,NA,NA,NA,NA,NA,NA,NA,NA,NA,NA,NA,NA,NA,NA,NA,NA,NA,NA,NA,NA,NA,NA,NA,NA,NA,NA
NA,NA,NA,NA,NA,NA,NA,NA,NA,NA,NA,NA,NA,NA,NA,NA,NA,NA,NA,NA,NA,NA,NA,NA,NA,NA,YLL026W,NA,NA,NA,NA,NA,NA,NA,NA,NA,NA,NA,NA,NA,NA,NA,NA,NA,NA,NA,NA,NA,NA,NA,NA,NA,NA,NA,NA,NA,NA,NA,NA,NA,NA,NA,NA,NA,NA
NA,NA,NA,NA,NA,NA,NA,NA,NA,NA,NA,NA,NA,NA,NA,NA,NA,NA,NA,NA,NA,NA,NA,NA,NA,NA,YLL029W,NA,NA,NA,NA,NA,NA,NA,NA,NA,NA,NA,NA,NA,NA,NA,NA,NA,NA,NA,NA,NA,NA,NA,NA,NA,NA,NA,NA,NA,NA,NA,NA,NA,NA,NA,NA,NA,NA
NA,NA,NA,NA,NA,NA,NA,NA,NA,NA,NA,NA,NA,NA,NA,NA,NA,NA,NA,NA,NA,NA,NA,NA,NA,NA,YLL040C,NA,NA,NA,NA,NA,NA,NA,NA,NA,NA,NA,NA,NA,NA,NA,NA,NA,NA,NA,NA,NA,NA,NA,NA,NA,NA,NA,NA,NA,NA,NA,NA,NA,NA,NA,NA,NA,NA
NA,NA,NA,NA,NA,NA,NA,NA,NA,NA,NA,NA,NA,NA,NA,NA,NA,NA,NA,NA,NA,NA,NA,NA,NA,NA,YLL055W,NA,NA,NA,NA,NA,NA,NA,NA,NA,NA,NA,NA,NA,NA,NA,NA,NA,NA,NA,NA,NA,NA,NA,NA,NA,NA,NA,NA,NA,NA,NA,NA,NA,NA,NA,NA,NA,NA
NA,NA,NA,NA,NA,NA,NA,NA,NA,NA,NA,NA,NA,NA,NA,NA,NA,NA,NA,NA,NA,NA,NA,NA,NA,NA,YLR001C,NA,NA,NA,NA,NA,NA,NA,NA,NA,NA,NA,NA,NA,NA,NA,NA,NA,NA,NA,NA,NA,NA,NA,NA,NA,NA,NA,NA,NA,NA,NA,NA,NA,NA,NA,NA,NA,NA
NA,NA,NA,NA,NA,NA,NA,NA,NA,NA,NA,NA,NA,NA,NA,NA,NA,NA,NA,NA,NA,NA,NA,NA,NA,NA,YLR034C,NA,NA,NA,NA,NA,NA,NA,NA,NA,NA,NA,NA,NA,NA,NA,NA,NA,NA,NA,NA,NA,NA,NA,NA,NA,NA,NA,NA,NA,NA,NA,NA,NA,NA,NA,NA,NA,NA
NA,NA,NA,NA,NA,NA,NA,NA,NA,NA,NA,NA,NA,NA,NA,NA,NA,NA,NA,NA,NA,NA,NA,NA,NA,NA,YLR045C,NA,NA,NA,NA,NA,NA,NA,NA,NA,NA,NA,NA,NA,NA,NA,NA,NA,NA,NA,NA,NA,NA,NA,NA,NA,NA,NA,NA,NA,NA,NA,NA,NA,NA,NA,NA,NA,NA
NA,NA,NA,NA,NA,NA,NA,NA,NA,NA,NA,NA,NA,NA,NA,NA,NA,NA,NA,NA,NA,NA,NA,NA,NA,NA,YLR079W,NA,NA,NA,NA,NA,NA,NA,NA,NA,NA,NA,NA,NA,NA,NA,NA,NA,NA,NA,NA,NA,NA,NA,NA,NA,NA,NA,NA,NA,NA,NA,NA,NA,NA,NA,NA,NA,NA
NA,NA,NA,NA,NA,NA,NA,NA,NA,NA,NA,NA,NA,NA,NA,NA,NA,NA,NA,NA,NA,NA,NA,NA,NA,NA,YLR087C,NA,NA,NA,NA,NA,NA,NA,NA,NA,NA,NA,NA,NA,NA,NA,NA,NA,NA,NA,NA,NA,NA,NA,NA,NA,NA,NA,NA,NA,NA,NA,NA,NA,NA,NA,NA,NA,NA
NA,NA,NA,NA,NA,NA,NA,NA,NA,NA,NA,NA,NA,NA,NA,NA,NA,NA,NA,NA,NA,NA,NA,NA,NA,NA,YLR097C,NA,NA,NA,NA,NA,NA,NA,NA,NA,NA,NA,NA,NA,NA,NA,NA,NA,NA,NA,NA,NA,NA,NA,NA,NA,NA,NA,NA,NA,NA,NA,NA,NA,NA,NA,NA,NA,NA
NA,NA,NA,NA,NA,NA,NA,NA,NA,NA,NA,NA,NA,NA,NA,NA,NA,NA,NA,NA,NA,NA,NA,NA,NA,NA,YLR098C,NA,NA,NA,NA,NA,NA,NA,NA,NA,NA,NA,NA,NA,NA,NA,NA,NA,NA,NA,NA,NA,NA,NA,NA,NA,NA,NA,NA,NA,NA,NA,NA,NA,NA,NA,NA,NA,NA
NA,NA,NA,NA,NA,NA,NA,NA,NA,NA,NA,NA,NA,NA,NA,NA,NA,NA,NA,NA,NA,NA,NA,NA,NA,NA,YLR099C,NA,NA,NA,NA,NA,NA,NA,NA,NA,NA,NA,NA,NA,NA,NA,NA,NA,NA,NA,NA,NA,NA,NA,NA,NA,NA,NA,NA,NA,NA,NA,NA,NA,NA,NA,NA,NA,NA
NA,NA,NA,NA,NA,NA,NA,NA,NA,NA,NA,NA,NA,NA,NA,NA,NA,NA,NA,NA,NA,NA,NA,NA,NA,NA,YLR126C,NA,NA,NA,NA,NA,NA,NA,NA,NA,NA,NA,NA,NA,NA,NA,NA,NA,NA,NA,NA,NA,NA,NA,NA,NA,NA,NA,NA,NA,NA,NA,NA,NA,NA,NA,NA,NA,NA
NA,NA,NA,NA,NA,NA,NA,NA,NA,NA,NA,NA,NA,NA,NA,NA,NA,NA,NA,NA,NA,NA,NA,NA,NA,NA,YLR136C,NA,NA,NA,NA,NA,NA,NA,NA,NA,NA,NA,NA,NA,NA,NA,NA,NA,NA,NA,NA,NA,NA,NA,NA,NA,NA,NA,NA,NA,NA,NA,NA,NA,NA,NA,NA,NA,NA
NA,NA,NA,NA,NA,NA,NA,NA,NA,NA,NA,NA,NA,NA,NA,NA,NA,NA,NA,NA,NA,NA,NA,NA,NA,NA,YLR142W,NA,NA,NA,NA,NA,NA,NA,NA,NA,NA,NA,NA,NA,NA,NA,NA,NA,NA,NA,NA,NA,NA,NA,NA,NA,NA,NA,NA,NA,NA,NA,NA,NA,NA,NA,NA,NA,NA
NA,NA,NA,NA,NA,NA,NA,NA,NA,NA,NA,NA,NA,NA,NA,NA,NA,NA,NA,NA,NA,NA,NA,NA,NA,NA,YLR149C,NA,NA,NA,NA,NA,NA,NA,NA,NA,NA,NA,NA,NA,NA,NA,NA,NA,NA,NA,NA,NA,NA,NA,NA,NA,NA,NA,NA,NA,NA,NA,NA,NA,NA,NA,NA,NA,NA
NA,NA,NA,NA,NA,NA,NA,NA,NA,NA,NA,NA,NA,NA,NA,NA,NA,NA,NA,NA,NA,NA,NA,NA,NA,NA,YLR155C,NA,NA,NA,NA,NA,NA,NA,NA,NA,NA,NA,NA,NA,NA,NA,NA,NA,NA,NA,NA,NA,NA,NA,NA,NA,NA,NA,NA,NA,NA,NA,NA,NA,NA,NA,NA,NA,NA
NA,NA,NA,NA,NA,NA,NA,NA,NA,NA,NA,NA,NA,NA,NA,NA,NA,NA,NA,NA,NA,NA,NA,NA,NA,NA,YLR162W,NA,NA,NA,NA,NA,NA,NA,NA,NA,NA,NA,NA,NA,NA,NA,NA,NA,NA,NA,NA,NA,NA,NA,NA,NA,NA,NA,NA,NA,NA,NA,NA,NA,NA,NA,NA,NA,NA
NA,NA,NA,NA,NA,NA,NA,NA,NA,NA,NA,NA,NA,NA,NA,NA,NA,NA,NA,NA,NA,NA,NA,NA,NA,NA,YLR178C,NA,NA,NA,NA,NA,NA,NA,NA,NA,NA,NA,NA,NA,NA,NA,NA,NA,NA,NA,NA,NA,NA,NA,NA,NA,NA,NA,NA,NA,NA,NA,NA,NA,NA,NA,NA,NA,NA
NA,NA,NA,NA,NA,NA,NA,NA,NA,NA,NA,NA,NA,NA,NA,NA,NA,NA,NA,NA,NA,NA,NA,NA,NA,NA,YLR231C,NA,NA,NA,NA,NA,NA,NA,NA,NA,NA,NA,NA,NA,NA,NA,NA,NA,NA,NA,NA,NA,NA,NA,NA,NA,NA,NA,NA,NA,NA,NA,NA,NA,NA,NA,NA,NA,NA
NA,NA,NA,NA,NA,NA,NA,NA,NA,NA,NA,NA,NA,NA,NA,NA,NA,NA,NA,NA,NA,NA,NA,NA,NA,NA,YLR245C,NA,NA,NA,NA,NA,NA,NA,NA,NA,NA,NA,NA,NA,NA,NA,NA,NA,NA,NA,NA,NA,NA,NA,NA,NA,NA,NA,NA,NA,NA,NA,NA,NA,NA,NA,NA,NA,NA
NA,NA,NA,NA,NA,NA,NA,NA,NA,NA,NA,NA,NA,NA,NA,NA,NA,NA,NA,NA,NA,NA,NA,NA,NA,NA,YLR254C,NA,NA,NA,NA,NA,NA,NA,NA,NA,NA,NA,NA,NA,NA,NA,NA,NA,NA,NA,NA,NA,NA,NA,NA,NA,NA,NA,NA,NA,NA,NA,NA,NA,NA,NA,NA,NA,NA
NA,NA,NA,NA,NA,NA,NA,NA,NA,NA,NA,NA,NA,NA,NA,NA,NA,NA,NA,NA,NA,NA,NA,NA,NA,NA,YLR256W,NA,NA,NA,NA,NA,NA,NA,NA,NA,NA,NA,NA,NA,NA,NA,NA,NA,NA,NA,NA,NA,NA,NA,NA,NA,NA,NA,NA,NA,NA,NA,NA,NA,NA,NA,NA,NA,NA
NA,NA,NA,NA,NA,NA,NA,NA,NA,NA,NA,NA,NA,NA,NA,NA,NA,NA,NA,NA,NA,NA,NA,NA,NA,NA,YLR257W,NA,NA,NA,NA,NA,NA,NA,NA,NA,NA,NA,NA,NA,NA,NA,NA,NA,NA,NA,NA,NA,NA,NA,NA,NA,NA,NA,NA,NA,NA,NA,NA,NA,NA,NA,NA,NA,NA
NA,NA,NA,NA,NA,NA,NA,NA,NA,NA,NA,NA,NA,NA,NA,NA,NA,NA,NA,NA,NA,NA,NA,NA,NA,NA,YLR258W,NA,NA,NA,NA,NA,NA,NA,NA,NA,NA,NA,NA,NA,NA,NA,NA,NA,NA,NA,NA,NA,NA,NA,NA,NA,NA,NA,NA,NA,NA,NA,NA,NA,NA,NA,NA,NA,NA
NA,NA,NA,NA,NA,NA,NA,NA,NA,NA,NA,NA,NA,NA,NA,NA,NA,NA,NA,NA,NA,NA,NA,NA,NA,NA,YLR263W,NA,NA,NA,NA,NA,NA,NA,NA,NA,NA,NA,NA,NA,NA,NA,NA,NA,NA,NA,NA,NA,NA,NA,NA,NA,NA,NA,NA,NA,NA,NA,NA,NA,NA,NA,NA,NA,NA
NA,NA,NA,NA,NA,NA,NA,NA,NA,NA,NA,NA,NA,NA,NA,NA,NA,NA,NA,NA,NA,NA,NA,NA,NA,NA,YLR299W,NA,NA,NA,NA,NA,NA,NA,NA,NA,NA,NA,NA,NA,NA,NA,NA,NA,NA,NA,NA,NA,NA,NA,NA,NA,NA,NA,NA,NA,NA,NA,NA,NA,NA,NA,NA,NA,NA
NA,NA,NA,NA,NA,NA,NA,NA,NA,NA,NA,NA,NA,NA,NA,NA,NA,NA,NA,NA,NA,NA,NA,NA,NA,NA,YLR312C,NA,NA,NA,NA,NA,NA,NA,NA,NA,NA,NA,NA,NA,NA,NA,NA,NA,NA,NA,NA,NA,NA,NA,NA,NA,NA,NA,NA,NA,NA,NA,NA,NA,NA,NA,NA,NA,NA
NA,NA,NA,NA,NA,NA,NA,NA,NA,NA,NA,NA,NA,NA,NA,NA,NA,NA,NA,NA,NA,NA,NA,NA,NA,NA,YLR337C,NA,NA,NA,NA,NA,NA,NA,NA,NA,NA,NA,NA,NA,NA,NA,NA,NA,NA,NA,NA,NA,NA,NA,NA,NA,NA,NA,NA,NA,NA,NA,NA,NA,NA,NA,NA,NA,NA
NA,NA,NA,NA,NA,NA,NA,NA,NA,NA,NA,NA,NA,NA,NA,NA,NA,NA,NA,NA,NA,NA,NA,NA,NA,NA,YLR346C,NA,NA,NA,NA,NA,NA,NA,NA,NA,NA,NA,NA,NA,NA,NA,NA,NA,NA,NA,NA,NA,NA,NA,NA,NA,NA,NA,NA,NA,NA,NA,NA,NA,NA,NA,NA,NA,NA
NA,NA,NA,NA,NA,NA,NA,NA,NA,NA,NA,NA,NA,NA,NA,NA,NA,NA,NA,NA,NA,NA,NA,NA,NA,NA,YLR368W,NA,NA,NA,NA,NA,NA,NA,NA,NA,NA,NA,NA,NA,NA,NA,NA,NA,NA,NA,NA,NA,NA,NA,NA,NA,NA,NA,NA,NA,NA,NA,NA,NA,NA,NA,NA,NA,NA
NA,NA,NA,NA,NA,NA,NA,NA,NA,NA,NA,NA,NA,NA,NA,NA,NA,NA,NA,NA,NA,NA,NA,NA,NA,NA,YLR399C,NA,NA,NA,NA,NA,NA,NA,NA,NA,NA,NA,NA,NA,NA,NA,NA,NA,NA,NA,NA,NA,NA,NA,NA,NA,NA,NA,NA,NA,NA,NA,NA,NA,NA,NA,NA,NA,NA
NA,NA,NA,NA,NA,NA,NA,NA,NA,NA,NA,NA,NA,NA,NA,NA,NA,NA,NA,NA,NA,NA,NA,NA,NA,NA,YLR422W,NA,NA,NA,NA,NA,NA,NA,NA,NA,NA,NA,NA,NA,NA,NA,NA,NA,NA,NA,NA,NA,NA,NA,NA,NA,NA,NA,NA,NA,NA,NA,NA,NA,NA,NA,NA,NA,NA
NA,NA,NA,NA,NA,NA,NA,NA,NA,NA,NA,NA,NA,NA,NA,NA,NA,NA,NA,NA,NA,NA,NA,NA,NA,NA,YLR425W,NA,NA,NA,NA,NA,NA,NA,NA,NA,NA,NA,NA,NA,NA,NA,NA,NA,NA,NA,NA,NA,NA,NA,NA,NA,NA,NA,NA,NA,NA,NA,NA,NA,NA,NA,NA,NA,NA
NA,NA,NA,NA,NA,NA,NA,NA,NA,NA,NA,NA,NA,NA,NA,NA,NA,NA,NA,NA,NA,NA,NA,NA,NA,NA,YLR438W,NA,NA,NA,NA,NA,NA,NA,NA,NA,NA,NA,NA,NA,NA,NA,NA,NA,NA,NA,NA,NA,NA,NA,NA,NA,NA,NA,NA,NA,NA,NA,NA,NA,NA,NA,NA,NA,NA
NA,NA,NA,NA,NA,NA,NA,NA,NA,NA,NA,NA,NA,NA,NA,NA,NA,NA,NA,NA,NA,NA,NA,NA,NA,NA,YLR454W,NA,NA,NA,NA,NA,NA,NA,NA,NA,NA,NA,NA,NA,NA,NA,NA,NA,NA,NA,NA,NA,NA,NA,NA,NA,NA,NA,NA,NA,NA,NA,NA,NA,NA,NA,NA,NA,NA
NA,NA,NA,NA,NA,NA,NA,NA,NA,NA,NA,NA,NA,NA,NA,NA,NA,NA,NA,NA,NA,NA,NA,NA,NA,NA,YLR460C,NA,NA,NA,NA,NA,NA,NA,NA,NA,NA,NA,NA,NA,NA,NA,NA,NA,NA,NA,NA,NA,NA,NA,NA,NA,NA,NA,NA,NA,NA,NA,NA,NA,NA,NA,NA,NA,NA
NA,NA,NA,NA,NA,NA,NA,NA,NA,NA,NA,NA,NA,NA,NA,NA,NA,NA,NA,NA,NA,NA,NA,NA,NA,NA,YML081W,NA,NA,NA,NA,NA,NA,NA,NA,NA,NA,NA,NA,NA,NA,NA,NA,NA,NA,NA,NA,NA,NA,NA,NA,NA,NA,NA,NA,NA,NA,NA,NA,NA,NA,NA,NA,NA,NA
NA,NA,NA,NA,NA,NA,NA,NA,NA,NA,NA,NA,NA,NA,NA,NA,NA,NA,NA,NA,NA,NA,NA,NA,NA,NA,YML083C,NA,NA,NA,NA,NA,NA,NA,NA,NA,NA,NA,NA,NA,NA,NA,NA,NA,NA,NA,NA,NA,NA,NA,NA,NA,NA,NA,NA,NA,NA,NA,NA,NA,NA,NA,NA,NA,NA
NA,NA,NA,NA,NA,NA,NA,NA,NA,NA,NA,NA,NA,NA,NA,NA,NA,NA,NA,NA,NA,NA,NA,NA,NA,NA,YML100W,NA,NA,NA,NA,NA,NA,NA,NA,NA,NA,NA,NA,NA,NA,NA,NA,NA,NA,NA,NA,NA,NA,NA,NA,NA,NA,NA,NA,NA,NA,NA,NA,NA,NA,NA,NA,NA,NA
NA,NA,NA,NA,NA,NA,NA,NA,NA,NA,NA,NA,NA,NA,NA,NA,NA,NA,NA,NA,NA,NA,NA,NA,NA,NA,YMR011W,NA,NA,NA,NA,NA,NA,NA,NA,NA,NA,NA,NA,NA,NA,NA,NA,NA,NA,NA,NA,NA,NA,NA,NA,NA,NA,NA,NA,NA,NA,NA,NA,NA,NA,NA,NA,NA,NA
NA,NA,NA,NA,NA,NA,NA,NA,NA,NA,NA,NA,NA,NA,NA,NA,NA,NA,NA,NA,NA,NA,NA,NA,NA,NA,YMR047C,NA,NA,NA,NA,NA,NA,NA,NA,NA,NA,NA,NA,NA,NA,NA,NA,NA,NA,NA,NA,NA,NA,NA,NA,NA,NA,NA,NA,NA,NA,NA,NA,NA,NA,NA,NA,NA,NA
NA,NA,NA,NA,NA,NA,NA,NA,NA,NA,NA,NA,NA,NA,NA,NA,NA,NA,NA,NA,NA,NA,NA,NA,NA,NA,YMR076C,NA,NA,NA,NA,NA,NA,NA,NA,NA,NA,NA,NA,NA,NA,NA,NA,NA,NA,NA,NA,NA,NA,NA,NA,NA,NA,NA,NA,NA,NA,NA,NA,NA,NA,NA,NA,NA,NA
NA,NA,NA,NA,NA,NA,NA,NA,NA,NA,NA,NA,NA,NA,NA,NA,NA,NA,NA,NA,NA,NA,NA,NA,NA,NA,YMR086W,NA,NA,NA,NA,NA,NA,NA,NA,NA,NA,NA,NA,NA,NA,NA,NA,NA,NA,NA,NA,NA,NA,NA,NA,NA,NA,NA,NA,NA,NA,NA,NA,NA,NA,NA,NA,NA,NA
NA,NA,NA,NA,NA,NA,NA,NA,NA,NA,NA,NA,NA,NA,NA,NA,NA,NA,NA,NA,NA,NA,NA,NA,NA,NA,YMR088C,NA,NA,NA,NA,NA,NA,NA,NA,NA,NA,NA,NA,NA,NA,NA,NA,NA,NA,NA,NA,NA,NA,NA,NA,NA,NA,NA,NA,NA,NA,NA,NA,NA,NA,NA,NA,NA,NA
NA,NA,NA,NA,NA,NA,NA,NA,NA,NA,NA,NA,NA,NA,NA,NA,NA,NA,NA,NA,NA,NA,NA,NA,NA,NA,YMR090W,NA,NA,NA,NA,NA,NA,NA,NA,NA,NA,NA,NA,NA,NA,NA,NA,NA,NA,NA,NA,NA,NA,NA,NA,NA,NA,NA,NA,NA,NA,NA,NA,NA,NA,NA,NA,NA,NA
NA,NA,NA,NA,NA,NA,NA,NA,NA,NA,NA,NA,NA,NA,NA,NA,NA,NA,NA,NA,NA,NA,NA,NA,NA,NA,YMR111C,NA,NA,NA,NA,NA,NA,NA,NA,NA,NA,NA,NA,NA,NA,NA,NA,NA,NA,NA,NA,NA,NA,NA,NA,NA,NA,NA,NA,NA,NA,NA,NA,NA,NA,NA,NA,NA,NA
NA,NA,NA,NA,NA,NA,NA,NA,NA,NA,NA,NA,NA,NA,NA,NA,NA,NA,NA,NA,NA,NA,NA,NA,NA,NA,YMR114C,NA,NA,NA,NA,NA,NA,NA,NA,NA,NA,NA,NA,NA,NA,NA,NA,NA,NA,NA,NA,NA,NA,NA,NA,NA,NA,NA,NA,NA,NA,NA,NA,NA,NA,NA,NA,NA,NA
NA,NA,NA,NA,NA,NA,NA,NA,NA,NA,NA,NA,NA,NA,NA,NA,NA,NA,NA,NA,NA,NA,NA,NA,NA,NA,YMR160W,NA,NA,NA,NA,NA,NA,NA,NA,NA,NA,NA,NA,NA,NA,NA,NA,NA,NA,NA,NA,NA,NA,NA,NA,NA,NA,NA,NA,NA,NA,NA,NA,NA,NA,NA,NA,NA,NA
NA,NA,NA,NA,NA,NA,NA,NA,NA,NA,NA,NA,NA,NA,NA,NA,NA,NA,NA,NA,NA,NA,NA,NA,NA,NA,YMR169C,NA,NA,NA,NA,NA,NA,NA,NA,NA,NA,NA,NA,NA,NA,NA,NA,NA,NA,NA,NA,NA,NA,NA,NA,NA,NA,NA,NA,NA,NA,NA,NA,NA,NA,NA,NA,NA,NA
NA,NA,NA,NA,NA,NA,NA,NA,NA,NA,NA,NA,NA,NA,NA,NA,NA,NA,NA,NA,NA,NA,NA,NA,NA,NA,YMR170C,NA,NA,NA,NA,NA,NA,NA,NA,NA,NA,NA,NA,NA,NA,NA,NA,NA,NA,NA,NA,NA,NA,NA,NA,NA,NA,NA,NA,NA,NA,NA,NA,NA,NA,NA,NA,NA,NA
NA,NA,NA,NA,NA,NA,NA,NA,NA,NA,NA,NA,NA,NA,NA,NA,NA,NA,NA,NA,NA,NA,NA,NA,NA,NA,YMR195W,NA,NA,NA,NA,NA,NA,NA,NA,NA,NA,NA,NA,NA,NA,NA,NA,NA,NA,NA,NA,NA,NA,NA,NA,NA,NA,NA,NA,NA,NA,NA,NA,NA,NA,NA,NA,NA,NA
NA,NA,NA,NA,NA,NA,NA,NA,NA,NA,NA,NA,NA,NA,NA,NA,NA,NA,NA,NA,NA,NA,NA,NA,NA,NA,YMR196W,NA,NA,NA,NA,NA,NA,NA,NA,NA,NA,NA,NA,NA,NA,NA,NA,NA,NA,NA,NA,NA,NA,NA,NA,NA,NA,NA,NA,NA,NA,NA,NA,NA,NA,NA,NA,NA,NA
NA,NA,NA,NA,NA,NA,NA,NA,NA,NA,NA,NA,NA,NA,NA,NA,NA,NA,NA,NA,NA,NA,NA,NA,NA,NA,YMR207C,NA,NA,NA,NA,NA,NA,NA,NA,NA,NA,NA,NA,NA,NA,NA,NA,NA,NA,NA,NA,NA,NA,NA,NA,NA,NA,NA,NA,NA,NA,NA,NA,NA,NA,NA,NA,NA,NA
NA,NA,NA,NA,NA,NA,NA,NA,NA,NA,NA,NA,NA,NA,NA,NA,NA,NA,NA,NA,NA,NA,NA,NA,NA,NA,YMR252C,NA,NA,NA,NA,NA,NA,NA,NA,NA,NA,NA,NA,NA,NA,NA,NA,NA,NA,NA,NA,NA,NA,NA,NA,NA,NA,NA,NA,NA,NA,NA,NA,NA,NA,NA,NA,NA,NA
NA,NA,NA,NA,NA,NA,NA,NA,NA,NA,NA,NA,NA,NA,NA,NA,NA,NA,NA,NA,NA,NA,NA,NA,NA,NA,YMR265C,NA,NA,NA,NA,NA,NA,NA,NA,NA,NA,NA,NA,NA,NA,NA,NA,NA,NA,NA,NA,NA,NA,NA,NA,NA,NA,NA,NA,NA,NA,NA,NA,NA,NA,NA,NA,NA,NA
NA,NA,NA,NA,NA,NA,NA,NA,NA,NA,NA,NA,NA,NA,NA,NA,NA,NA,NA,NA,NA,NA,NA,NA,NA,NA,YMR266W,NA,NA,NA,NA,NA,NA,NA,NA,NA,NA,NA,NA,NA,NA,NA,NA,NA,NA,NA,NA,NA,NA,NA,NA,NA,NA,NA,NA,NA,NA,NA,NA,NA,NA,NA,NA,NA,NA
NA,NA,NA,NA,NA,NA,NA,NA,NA,NA,NA,NA,NA,NA,NA,NA,NA,NA,NA,NA,NA,NA,NA,NA,NA,NA,YMR273C,NA,NA,NA,NA,NA,NA,NA,NA,NA,NA,NA,NA,NA,NA,NA,NA,NA,NA,NA,NA,NA,NA,NA,NA,NA,NA,NA,NA,NA,NA,NA,NA,NA,NA,NA,NA,NA,NA
NA,NA,NA,NA,NA,NA,NA,NA,NA,NA,NA,NA,NA,NA,NA,NA,NA,NA,NA,NA,NA,NA,NA,NA,NA,NA,YMR278W,NA,NA,NA,NA,NA,NA,NA,NA,NA,NA,NA,NA,NA,NA,NA,NA,NA,NA,NA,NA,NA,NA,NA,NA,NA,NA,NA,NA,NA,NA,NA,NA,NA,NA,NA,NA,NA,NA
NA,NA,NA,NA,NA,NA,NA,NA,NA,NA,NA,NA,NA,NA,NA,NA,NA,NA,NA,NA,NA,NA,NA,NA,NA,NA,YMR316C,NA,NA,NA,NA,NA,NA,NA,NA,NA,NA,NA,NA,NA,NA,NA,NA,NA,NA,NA,NA,NA,NA,NA,NA,NA,NA,NA,NA,NA,NA,NA,NA,NA,NA,NA,NA,NA,NA
NA,NA,NA,NA,NA,NA,NA,NA,NA,NA,NA,NA,NA,NA,NA,NA,NA,NA,NA,NA,NA,NA,NA,NA,NA,NA,YMR326C,NA,NA,NA,NA,NA,NA,NA,NA,NA,NA,NA,NA,NA,NA,NA,NA,NA,NA,NA,NA,NA,NA,NA,NA,NA,NA,NA,NA,NA,NA,NA,NA,NA,NA,NA,NA,NA,NA
NA,NA,NA,NA,NA,NA,NA,NA,NA,NA,NA,NA,NA,NA,NA,NA,NA,NA,NA,NA,NA,NA,NA,NA,NA,NA,YNL054W,NA,NA,NA,NA,NA,NA,NA,NA,NA,NA,NA,NA,NA,NA,NA,NA,NA,NA,NA,NA,NA,NA,NA,NA,NA,NA,NA,NA,NA,NA,NA,NA,NA,NA,NA,NA,NA,NA
NA,NA,NA,NA,NA,NA,NA,NA,NA,NA,NA,NA,NA,NA,NA,NA,NA,NA,NA,NA,NA,NA,NA,NA,NA,NA,YNL074C,NA,NA,NA,NA,NA,NA,NA,NA,NA,NA,NA,NA,NA,NA,NA,NA,NA,NA,NA,NA,NA,NA,NA,NA,NA,NA,NA,NA,NA,NA,NA,NA,NA,NA,NA,NA,NA,NA
NA,NA,NA,NA,NA,NA,NA,NA,NA,NA,NA,NA,NA,NA,NA,NA,NA,NA,NA,NA,NA,NA,NA,NA,NA,NA,YNL092W,NA,NA,NA,NA,NA,NA,NA,NA,NA,NA,NA,NA,NA,NA,NA,NA,NA,NA,NA,NA,NA,NA,NA,NA,NA,NA,NA,NA,NA,NA,NA,NA,NA,NA,NA,NA,NA,NA
NA,NA,NA,NA,NA,NA,NA,NA,NA,NA,NA,NA,NA,NA,NA,NA,NA,NA,NA,NA,NA,NA,NA,NA,NA,NA,YNL102W,NA,NA,NA,NA,NA,NA,NA,NA,NA,NA,NA,NA,NA,NA,NA,NA,NA,NA,NA,NA,NA,NA,NA,NA,NA,NA,NA,NA,NA,NA,NA,NA,NA,NA,NA,NA,NA,NA
NA,NA,NA,NA,NA,NA,NA,NA,NA,NA,NA,NA,NA,NA,NA,NA,NA,NA,NA,NA,NA,NA,NA,NA,NA,NA,YNL103W,NA,NA,NA,NA,NA,NA,NA,NA,NA,NA,NA,NA,NA,NA,NA,NA,NA,NA,NA,NA,NA,NA,NA,NA,NA,NA,NA,NA,NA,NA,NA,NA,NA,NA,NA,NA,NA,NA
NA,NA,NA,NA,NA,NA,NA,NA,NA,NA,NA,NA,NA,NA,NA,NA,NA,NA,NA,NA,NA,NA,NA,NA,NA,NA,YNL106C,NA,NA,NA,NA,NA,NA,NA,NA,NA,NA,NA,NA,NA,NA,NA,NA,NA,NA,NA,NA,NA,NA,NA,NA,NA,NA,NA,NA,NA,NA,NA,NA,NA,NA,NA,NA,NA,NA
NA,NA,NA,NA,NA,NA,NA,NA,NA,NA,NA,NA,NA,NA,NA,NA,NA,NA,NA,NA,NA,NA,NA,NA,NA,NA,YNL116W,NA,NA,NA,NA,NA,NA,NA,NA,NA,NA,NA,NA,NA,NA,NA,NA,NA,NA,NA,NA,NA,NA,NA,NA,NA,NA,NA,NA,NA,NA,NA,NA,NA,NA,NA,NA,NA,NA
NA,NA,NA,NA,NA,NA,NA,NA,NA,NA,NA,NA,NA,NA,NA,NA,NA,NA,NA,NA,NA,NA,NA,NA,NA,NA,YNL117W,NA,NA,NA,NA,NA,NA,NA,NA,NA,NA,NA,NA,NA,NA,NA,NA,NA,NA,NA,NA,NA,NA,NA,NA,NA,NA,NA,NA,NA,NA,NA,NA,NA,NA,NA,NA,NA,NA
NA,NA,NA,NA,NA,NA,NA,NA,NA,NA,NA,NA,NA,NA,NA,NA,NA,NA,NA,NA,NA,NA,NA,NA,NA,NA,YNL127W,NA,NA,NA,NA,NA,NA,NA,NA,NA,NA,NA,NA,NA,NA,NA,NA,NA,NA,NA,NA,NA,NA,NA,NA,NA,NA,NA,NA,NA,NA,NA,NA,NA,NA,NA,NA,NA,NA
NA,NA,NA,NA,NA,NA,NA,NA,NA,NA,NA,NA,NA,NA,NA,NA,NA,NA,NA,NA,NA,NA,NA,NA,NA,NA,YNL133C,NA,NA,NA,NA,NA,NA,NA,NA,NA,NA,NA,NA,NA,NA,NA,NA,NA,NA,NA,NA,NA,NA,NA,NA,NA,NA,NA,NA,NA,NA,NA,NA,NA,NA,NA,NA,NA,NA
NA,NA,NA,NA,NA,NA,NA,NA,NA,NA,NA,NA,NA,NA,NA,NA,NA,NA,NA,NA,NA,NA,NA,NA,NA,NA,YNL140C,NA,NA,NA,NA,NA,NA,NA,NA,NA,NA,NA,NA,NA,NA,NA,NA,NA,NA,NA,NA,NA,NA,NA,NA,NA,NA,NA,NA,NA,NA,NA,NA,NA,NA,NA,NA,NA,NA
NA,NA,NA,NA,NA,NA,NA,NA,NA,NA,NA,NA,NA,NA,NA,NA,NA,NA,NA,NA,NA,NA,NA,NA,NA,NA,YNL142W,NA,NA,NA,NA,NA,NA,NA,NA,NA,NA,NA,NA,NA,NA,NA,NA,NA,NA,NA,NA,NA,NA,NA,NA,NA,NA,NA,NA,NA,NA,NA,NA,NA,NA,NA,NA,NA,NA
NA,NA,NA,NA,NA,NA,NA,NA,NA,NA,NA,NA,NA,NA,NA,NA,NA,NA,NA,NA,NA,NA,NA,NA,NA,NA,YNL168C,NA,NA,NA,NA,NA,NA,NA,NA,NA,NA,NA,NA,NA,NA,NA,NA,NA,NA,NA,NA,NA,NA,NA,NA,NA,NA,NA,NA,NA,NA,NA,NA,NA,NA,NA,NA,NA,NA
NA,NA,NA,NA,NA,NA,NA,NA,NA,NA,NA,NA,NA,NA,NA,NA,NA,NA,NA,NA,NA,NA,NA,NA,NA,NA,YNL173C,NA,NA,NA,NA,NA,NA,NA,NA,NA,NA,NA,NA,NA,NA,NA,NA,NA,NA,NA,NA,NA,NA,NA,NA,NA,NA,NA,NA,NA,NA,NA,NA,NA,NA,NA,NA,NA,NA
NA,NA,NA,NA,NA,NA,NA,NA,NA,NA,NA,NA,NA,NA,NA,NA,NA,NA,NA,NA,NA,NA,NA,NA,NA,NA,YNL262W,NA,NA,NA,NA,NA,NA,NA,NA,NA,NA,NA,NA,NA,NA,NA,NA,NA,NA,NA,NA,NA,NA,NA,NA,NA,NA,NA,NA,NA,NA,NA,NA,NA,NA,NA,NA,NA,NA
NA,NA,NA,NA,NA,NA,NA,NA,NA,NA,NA,NA,NA,NA,NA,NA,NA,NA,NA,NA,NA,NA,NA,NA,NA,NA,YNL267W,NA,NA,NA,NA,NA,NA,NA,NA,NA,NA,NA,NA,NA,NA,NA,NA,NA,NA,NA,NA,NA,NA,NA,NA,NA,NA,NA,NA,NA,NA,NA,NA,NA,NA,NA,NA,NA,NA
NA,NA,NA,NA,NA,NA,NA,NA,NA,NA,NA,NA,NA,NA,NA,NA,NA,NA,NA,NA,NA,NA,NA,NA,NA,NA,YNL274C,NA,NA,NA,NA,NA,NA,NA,NA,NA,NA,NA,NA,NA,NA,NA,NA,NA,NA,NA,NA,NA,NA,NA,NA,NA,NA,NA,NA,NA,NA,NA,NA,NA,NA,NA,NA,NA,NA
NA,NA,NA,NA,NA,NA,NA,NA,NA,NA,NA,NA,NA,NA,NA,NA,NA,NA,NA,NA,NA,NA,NA,NA,NA,NA,YNL278W,NA,NA,NA,NA,NA,NA,NA,NA,NA,NA,NA,NA,NA,NA,NA,NA,NA,NA,NA,NA,NA,NA,NA,NA,NA,NA,NA,NA,NA,NA,NA,NA,NA,NA,NA,NA,NA,NA
NA,NA,NA,NA,NA,NA,NA,NA,NA,NA,NA,NA,NA,NA,NA,NA,NA,NA,NA,NA,NA,NA,NA,NA,NA,NA,YNL322C,NA,NA,NA,NA,NA,NA,NA,NA,NA,NA,NA,NA,NA,NA,NA,NA,NA,NA,NA,NA,NA,NA,NA,NA,NA,NA,NA,NA,NA,NA,NA,NA,NA,NA,NA,NA,NA,NA
NA,NA,NA,NA,NA,NA,NA,NA,NA,NA,NA,NA,NA,NA,NA,NA,NA,NA,NA,NA,NA,NA,NA,NA,NA,NA,YNL327W,NA,NA,NA,NA,NA,NA,NA,NA,NA,NA,NA,NA,NA,NA,NA,NA,NA,NA,NA,NA,NA,NA,NA,NA,NA,NA,NA,NA,NA,NA,NA,NA,NA,NA,NA,NA,NA,NA
NA,NA,NA,NA,NA,NA,NA,NA,NA,NA,NA,NA,NA,NA,NA,NA,NA,NA,NA,NA,NA,NA,NA,NA,NA,NA,YNR014W,NA,NA,NA,NA,NA,NA,NA,NA,NA,NA,NA,NA,NA,NA,NA,NA,NA,NA,NA,NA,NA,NA,NA,NA,NA,NA,NA,NA,NA,NA,NA,NA,NA,NA,NA,NA,NA,NA
NA,NA,NA,NA,NA,NA,NA,NA,NA,NA,NA,NA,NA,NA,NA,NA,NA,NA,NA,NA,NA,NA,NA,NA,NA,NA,YNR067C,NA,NA,NA,NA,NA,NA,NA,NA,NA,NA,NA,NA,NA,NA,NA,NA,NA,NA,NA,NA,NA,NA,NA,NA,NA,NA,NA,NA,NA,NA,NA,NA,NA,NA,NA,NA,NA,NA
NA,NA,NA,NA,NA,NA,NA,NA,NA,NA,NA,NA,NA,NA,NA,NA,NA,NA,NA,NA,NA,NA,NA,NA,NA,NA,YNR068C,NA,NA,NA,NA,NA,NA,NA,NA,NA,NA,NA,NA,NA,NA,NA,NA,NA,NA,NA,NA,NA,NA,NA,NA,NA,NA,NA,NA,NA,NA,NA,NA,NA,NA,NA,NA,NA,NA
NA,NA,NA,NA,NA,NA,NA,NA,NA,NA,NA,NA,NA,NA,NA,NA,NA,NA,NA,NA,NA,NA,NA,NA,NA,NA,YNR069C,NA,NA,NA,NA,NA,NA,NA,NA,NA,NA,NA,NA,NA,NA,NA,NA,NA,NA,NA,NA,NA,NA,NA,NA,NA,NA,NA,NA,NA,NA,NA,NA,NA,NA,NA,NA,NA,NA
NA,NA,NA,NA,NA,NA,NA,NA,NA,NA,NA,NA,NA,NA,NA,NA,NA,NA,NA,NA,NA,NA,NA,NA,NA,NA,YOL004W,NA,NA,NA,NA,NA,NA,NA,NA,NA,NA,NA,NA,NA,NA,NA,NA,NA,NA,NA,NA,NA,NA,NA,NA,NA,NA,NA,NA,NA,NA,NA,NA,NA,NA,NA,NA,NA,NA
NA,NA,NA,NA,NA,NA,NA,NA,NA,NA,NA,NA,NA,NA,NA,NA,NA,NA,NA,NA,NA,NA,NA,NA,NA,NA,YOL006C,NA,NA,NA,NA,NA,NA,NA,NA,NA,NA,NA,NA,NA,NA,NA,NA,NA,NA,NA,NA,NA,NA,NA,NA,NA,NA,NA,NA,NA,NA,NA,NA,NA,NA,NA,NA,NA,NA
NA,NA,NA,NA,NA,NA,NA,NA,NA,NA,NA,NA,NA,NA,NA,NA,NA,NA,NA,NA,NA,NA,NA,NA,NA,NA,YOL016C,NA,NA,NA,NA,NA,NA,NA,NA,NA,NA,NA,NA,NA,NA,NA,NA,NA,NA,NA,NA,NA,NA,NA,NA,NA,NA,NA,NA,NA,NA,NA,NA,NA,NA,NA,NA,NA,NA
NA,NA,NA,NA,NA,NA,NA,NA,NA,NA,NA,NA,NA,NA,NA,NA,NA,NA,NA,NA,NA,NA,NA,NA,NA,NA,YOL019W,NA,NA,NA,NA,NA,NA,NA,NA,NA,NA,NA,NA,NA,NA,NA,NA,NA,NA,NA,NA,NA,NA,NA,NA,NA,NA,NA,NA,NA,NA,NA,NA,NA,NA,NA,NA,NA,NA
NA,NA,NA,NA,NA,NA,NA,NA,NA,NA,NA,NA,NA,NA,NA,NA,NA,NA,NA,NA,NA,NA,NA,NA,NA,NA,YOL058W,NA,NA,NA,NA,NA,NA,NA,NA,NA,NA,NA,NA,NA,NA,NA,NA,NA,NA,NA,NA,NA,NA,NA,NA,NA,NA,NA,NA,NA,NA,NA,NA,NA,NA,NA,NA,NA,NA
NA,NA,NA,NA,NA,NA,NA,NA,NA,NA,NA,NA,NA,NA,NA,NA,NA,NA,NA,NA,NA,NA,NA,NA,NA,NA,YOL060C,NA,NA,NA,NA,NA,NA,NA,NA,NA,NA,NA,NA,NA,NA,NA,NA,NA,NA,NA,NA,NA,NA,NA,NA,NA,NA,NA,NA,NA,NA,NA,NA,NA,NA,NA,NA,NA,NA
NA,NA,NA,NA,NA,NA,NA,NA,NA,NA,NA,NA,NA,NA,NA,NA,NA,NA,NA,NA,NA,NA,NA,NA,NA,NA,YOL070C,NA,NA,NA,NA,NA,NA,NA,NA,NA,NA,NA,NA,NA,NA,NA,NA,NA,NA,NA,NA,NA,NA,NA,NA,NA,NA,NA,NA,NA,NA,NA,NA,NA,NA,NA,NA,NA,NA
NA,NA,NA,NA,NA,NA,NA,NA,NA,NA,NA,NA,NA,NA,NA,NA,NA,NA,NA,NA,NA,NA,NA,NA,NA,NA,YOL075C,NA,NA,NA,NA,NA,NA,NA,NA,NA,NA,NA,NA,NA,NA,NA,NA,NA,NA,NA,NA,NA,NA,NA,NA,NA,NA,NA,NA,NA,NA,NA,NA,NA,NA,NA,NA,NA,NA
NA,NA,NA,NA,NA,NA,NA,NA,NA,NA,NA,NA,NA,NA,NA,NA,NA,NA,NA,NA,NA,NA,NA,NA,NA,NA,YOL100W,NA,NA,NA,NA,NA,NA,NA,NA,NA,NA,NA,NA,NA,NA,NA,NA,NA,NA,NA,NA,NA,NA,NA,NA,NA,NA,NA,NA,NA,NA,NA,NA,NA,NA,NA,NA,NA,NA
NA,NA,NA,NA,NA,NA,NA,NA,NA,NA,NA,NA,NA,NA,NA,NA,NA,NA,NA,NA,NA,NA,NA,NA,NA,NA,YOL126C,NA,NA,NA,NA,NA,NA,NA,NA,NA,NA,NA,NA,NA,NA,NA,NA,NA,NA,NA,NA,NA,NA,NA,NA,NA,NA,NA,NA,NA,NA,NA,NA,NA,NA,NA,NA,NA,NA
NA,NA,NA,NA,NA,NA,NA,NA,NA,NA,NA,NA,NA,NA,NA,NA,NA,NA,NA,NA,NA,NA,NA,NA,NA,NA,YOL128C,NA,NA,NA,NA,NA,NA,NA,NA,NA,NA,NA,NA,NA,NA,NA,NA,NA,NA,NA,NA,NA,NA,NA,NA,NA,NA,NA,NA,NA,NA,NA,NA,NA,NA,NA,NA,NA,NA
NA,NA,NA,NA,NA,NA,NA,NA,NA,NA,NA,NA,NA,NA,NA,NA,NA,NA,NA,NA,NA,NA,NA,NA,NA,NA,YOL135C,NA,NA,NA,NA,NA,NA,NA,NA,NA,NA,NA,NA,NA,NA,NA,NA,NA,NA,NA,NA,NA,NA,NA,NA,NA,NA,NA,NA,NA,NA,NA,NA,NA,NA,NA,NA,NA,NA
NA,NA,NA,NA,NA,NA,NA,NA,NA,NA,NA,NA,NA,NA,NA,NA,NA,NA,NA,NA,NA,NA,NA,NA,NA,NA,YOL138C,NA,NA,NA,NA,NA,NA,NA,NA,NA,NA,NA,NA,NA,NA,NA,NA,NA,NA,NA,NA,NA,NA,NA,NA,NA,NA,NA,NA,NA,NA,NA,NA,NA,NA,NA,NA,NA,NA
NA,NA,NA,NA,NA,NA,NA,NA,NA,NA,NA,NA,NA,NA,NA,NA,NA,NA,NA,NA,NA,NA,NA,NA,NA,NA,YOR003W,NA,NA,NA,NA,NA,NA,NA,NA,NA,NA,NA,NA,NA,NA,NA,NA,NA,NA,NA,NA,NA,NA,NA,NA,NA,NA,NA,NA,NA,NA,NA,NA,NA,NA,NA,NA,NA,NA
NA,NA,NA,NA,NA,NA,NA,NA,NA,NA,NA,NA,NA,NA,NA,NA,NA,NA,NA,NA,NA,NA,NA,NA,NA,NA,YOR011W,NA,NA,NA,NA,NA,NA,NA,NA,NA,NA,NA,NA,NA,NA,NA,NA,NA,NA,NA,NA,NA,NA,NA,NA,NA,NA,NA,NA,NA,NA,NA,NA,NA,NA,NA,NA,NA,NA
NA,NA,NA,NA,NA,NA,NA,NA,NA,NA,NA,NA,NA,NA,NA,NA,NA,NA,NA,NA,NA,NA,NA,NA,NA,NA,YOR027W,NA,NA,NA,NA,NA,NA,NA,NA,NA,NA,NA,NA,NA,NA,NA,NA,NA,NA,NA,NA,NA,NA,NA,NA,NA,NA,NA,NA,NA,NA,NA,NA,NA,NA,NA,NA,NA,NA
NA,NA,NA,NA,NA,NA,NA,NA,NA,NA,NA,NA,NA,NA,NA,NA,NA,NA,NA,NA,NA,NA,NA,NA,NA,NA,YOR028C,NA,NA,NA,NA,NA,NA,NA,NA,NA,NA,NA,NA,NA,NA,NA,NA,NA,NA,NA,NA,NA,NA,NA,NA,NA,NA,NA,NA,NA,NA,NA,NA,NA,NA,NA,NA,NA,NA
NA,NA,NA,NA,NA,NA,NA,NA,NA,NA,NA,NA,NA,NA,NA,NA,NA,NA,NA,NA,NA,NA,NA,NA,NA,NA,YOR035C,NA,NA,NA,NA,NA,NA,NA,NA,NA,NA,NA,NA,NA,NA,NA,NA,NA,NA,NA,NA,NA,NA,NA,NA,NA,NA,NA,NA,NA,NA,NA,NA,NA,NA,NA,NA,NA,NA
NA,NA,NA,NA,NA,NA,NA,NA,NA,NA,NA,NA,NA,NA,NA,NA,NA,NA,NA,NA,NA,NA,NA,NA,NA,NA,YOR049C,NA,NA,NA,NA,NA,NA,NA,NA,NA,NA,NA,NA,NA,NA,NA,NA,NA,NA,NA,NA,NA,NA,NA,NA,NA,NA,NA,NA,NA,NA,NA,NA,NA,NA,NA,NA,NA,NA
NA,NA,NA,NA,NA,NA,NA,NA,NA,NA,NA,NA,NA,NA,NA,NA,NA,NA,NA,NA,NA,NA,NA,NA,NA,NA,YOR058C,NA,NA,NA,NA,NA,NA,NA,NA,NA,NA,NA,NA,NA,NA,NA,NA,NA,NA,NA,NA,NA,NA,NA,NA,NA,NA,NA,NA,NA,NA,NA,NA,NA,NA,NA,NA,NA,NA
NA,NA,NA,NA,NA,NA,NA,NA,NA,NA,NA,NA,NA,NA,NA,NA,NA,NA,NA,NA,NA,NA,NA,NA,NA,NA,YOR083W,NA,NA,NA,NA,NA,NA,NA,NA,NA,NA,NA,NA,NA,NA,NA,NA,NA,NA,NA,NA,NA,NA,NA,NA,NA,NA,NA,NA,NA,NA,NA,NA,NA,NA,NA,NA,NA,NA
NA,NA,NA,NA,NA,NA,NA,NA,NA,NA,NA,NA,NA,NA,NA,NA,NA,NA,NA,NA,NA,NA,NA,NA,NA,NA,YOR084W,NA,NA,NA,NA,NA,NA,NA,NA,NA,NA,NA,NA,NA,NA,NA,NA,NA,NA,NA,NA,NA,NA,NA,NA,NA,NA,NA,NA,NA,NA,NA,NA,NA,NA,NA,NA,NA,NA
NA,NA,NA,NA,NA,NA,NA,NA,NA,NA,NA,NA,NA,NA,NA,NA,NA,NA,NA,NA,NA,NA,NA,NA,NA,NA,YOR134W,NA,NA,NA,NA,NA,NA,NA,NA,NA,NA,NA,NA,NA,NA,NA,NA,NA,NA,NA,NA,NA,NA,NA,NA,NA,NA,NA,NA,NA,NA,NA,NA,NA,NA,NA,NA,NA,NA
NA,NA,NA,NA,NA,NA,NA,NA,NA,NA,NA,NA,NA,NA,NA,NA,NA,NA,NA,NA,NA,NA,NA,NA,NA,NA,YOR161C,NA,NA,NA,NA,NA,NA,NA,NA,NA,NA,NA,NA,NA,NA,NA,NA,NA,NA,NA,NA,NA,NA,NA,NA,NA,NA,NA,NA,NA,NA,NA,NA,NA,NA,NA,NA,NA,NA
NA,NA,NA,NA,NA,NA,NA,NA,NA,NA,NA,NA,NA,NA,NA,NA,NA,NA,NA,NA,NA,NA,NA,NA,NA,NA,YOR178C,NA,NA,NA,NA,NA,NA,NA,NA,NA,NA,NA,NA,NA,NA,NA,NA,NA,NA,NA,NA,NA,NA,NA,NA,NA,NA,NA,NA,NA,NA,NA,NA,NA,NA,NA,NA,NA,NA
NA,NA,NA,NA,NA,NA,NA,NA,NA,NA,NA,NA,NA,NA,NA,NA,NA,NA,NA,NA,NA,NA,NA,NA,NA,NA,YOR190W,NA,NA,NA,NA,NA,NA,NA,NA,NA,NA,NA,NA,NA,NA,NA,NA,NA,NA,NA,NA,NA,NA,NA,NA,NA,NA,NA,NA,NA,NA,NA,NA,NA,NA,NA,NA,NA,NA
NA,NA,NA,NA,NA,NA,NA,NA,NA,NA,NA,NA,NA,NA,NA,NA,NA,NA,NA,NA,NA,NA,NA,NA,NA,NA,YOR220W,NA,NA,NA,NA,NA,NA,NA,NA,NA,NA,NA,NA,NA,NA,NA,NA,NA,NA,NA,NA,NA,NA,NA,NA,NA,NA,NA,NA,NA,NA,NA,NA,NA,NA,NA,NA,NA,NA
NA,NA,NA,NA,NA,NA,NA,NA,NA,NA,NA,NA,NA,NA,NA,NA,NA,NA,NA,NA,NA,NA,NA,NA,NA,NA,YOR233W,NA,NA,NA,NA,NA,NA,NA,NA,NA,NA,NA,NA,NA,NA,NA,NA,NA,NA,NA,NA,NA,NA,NA,NA,NA,NA,NA,NA,NA,NA,NA,NA,NA,NA,NA,NA,NA,NA
NA,NA,NA,NA,NA,NA,NA,NA,NA,NA,NA,NA,NA,NA,NA,NA,NA,NA,NA,NA,NA,NA,NA,NA,NA,NA,YOR237W,NA,NA,NA,NA,NA,NA,NA,NA,NA,NA,NA,NA,NA,NA,NA,NA,NA,NA,NA,NA,NA,NA,NA,NA,NA,NA,NA,NA,NA,NA,NA,NA,NA,NA,NA,NA,NA,NA
NA,NA,NA,NA,NA,NA,NA,NA,NA,NA,NA,NA,NA,NA,NA,NA,NA,NA,NA,NA,NA,NA,NA,NA,NA,NA,YOR244W,NA,NA,NA,NA,NA,NA,NA,NA,NA,NA,NA,NA,NA,NA,NA,NA,NA,NA,NA,NA,NA,NA,NA,NA,NA,NA,NA,NA,NA,NA,NA,NA,NA,NA,NA,NA,NA,NA
NA,NA,NA,NA,NA,NA,NA,NA,NA,NA,NA,NA,NA,NA,NA,NA,NA,NA,NA,NA,NA,NA,NA,NA,NA,NA,YOR256C,NA,NA,NA,NA,NA,NA,NA,NA,NA,NA,NA,NA,NA,NA,NA,NA,NA,NA,NA,NA,NA,NA,NA,NA,NA,NA,NA,NA,NA,NA,NA,NA,NA,NA,NA,NA,NA,NA
NA,NA,NA,NA,NA,NA,NA,NA,NA,NA,NA,NA,NA,NA,NA,NA,NA,NA,NA,NA,NA,NA,NA,NA,NA,NA,YOR264W,NA,NA,NA,NA,NA,NA,NA,NA,NA,NA,NA,NA,NA,NA,NA,NA,NA,NA,NA,NA,NA,NA,NA,NA,NA,NA,NA,NA,NA,NA,NA,NA,NA,NA,NA,NA,NA,NA
NA,NA,NA,NA,NA,NA,NA,NA,NA,NA,NA,NA,NA,NA,NA,NA,NA,NA,NA,NA,NA,NA,NA,NA,NA,NA,YOR290C,NA,NA,NA,NA,NA,NA,NA,NA,NA,NA,NA,NA,NA,NA,NA,NA,NA,NA,NA,NA,NA,NA,NA,NA,NA,NA,NA,NA,NA,NA,NA,NA,NA,NA,NA,NA,NA,NA
NA,NA,NA,NA,NA,NA,NA,NA,NA,NA,NA,NA,NA,NA,NA,NA,NA,NA,NA,NA,NA,NA,NA,NA,NA,NA,YOR301W,NA,NA,NA,NA,NA,NA,NA,NA,NA,NA,NA,NA,NA,NA,NA,NA,NA,NA,NA,NA,NA,NA,NA,NA,NA,NA,NA,NA,NA,NA,NA,NA,NA,NA,NA,NA,NA,NA
NA,NA,NA,NA,NA,NA,NA,NA,NA,NA,NA,NA,NA,NA,NA,NA,NA,NA,NA,NA,NA,NA,NA,NA,NA,NA,YOR304W,NA,NA,NA,NA,NA,NA,NA,NA,NA,NA,NA,NA,NA,NA,NA,NA,NA,NA,NA,NA,NA,NA,NA,NA,NA,NA,NA,NA,NA,NA,NA,NA,NA,NA,NA,NA,NA,NA
NA,NA,NA,NA,NA,NA,NA,NA,NA,NA,NA,NA,NA,NA,NA,NA,NA,NA,NA,NA,NA,NA,NA,NA,NA,NA,YOR348C,NA,NA,NA,NA,NA,NA,NA,NA,NA,NA,NA,NA,NA,NA,NA,NA,NA,NA,NA,NA,NA,NA,NA,NA,NA,NA,NA,NA,NA,NA,NA,NA,NA,NA,NA,NA,NA,NA
NA,NA,NA,NA,NA,NA,NA,NA,NA,NA,NA,NA,NA,NA,NA,NA,NA,NA,NA,NA,NA,NA,NA,NA,NA,NA,YOR371C,NA,NA,NA,NA,NA,NA,NA,NA,NA,NA,NA,NA,NA,NA,NA,NA,NA,NA,NA,NA,NA,NA,NA,NA,NA,NA,NA,NA,NA,NA,NA,NA,NA,NA,NA,NA,NA,NA
NA,NA,NA,NA,NA,NA,NA,NA,NA,NA,NA,NA,NA,NA,NA,NA,NA,NA,NA,NA,NA,NA,NA,NA,NA,NA,YOR383C,NA,NA,NA,NA,NA,NA,NA,NA,NA,NA,NA,NA,NA,NA,NA,NA,NA,NA,NA,NA,NA,NA,NA,NA,NA,NA,NA,NA,NA,NA,NA,NA,NA,NA,NA,NA,NA,NA
NA,NA,NA,NA,NA,NA,NA,NA,NA,NA,NA,NA,NA,NA,NA,NA,NA,NA,NA,NA,NA,NA,NA,NA,NA,NA,YPL005W,NA,NA,NA,NA,NA,NA,NA,NA,NA,NA,NA,NA,NA,NA,NA,NA,NA,NA,NA,NA,NA,NA,NA,NA,NA,NA,NA,NA,NA,NA,NA,NA,NA,NA,NA,NA,NA,NA
NA,NA,NA,NA,NA,NA,NA,NA,NA,NA,NA,NA,NA,NA,NA,NA,NA,NA,NA,NA,NA,NA,NA,NA,NA,NA,YPL017C,NA,NA,NA,NA,NA,NA,NA,NA,NA,NA,NA,NA,NA,NA,NA,NA,NA,NA,NA,NA,NA,NA,NA,NA,NA,NA,NA,NA,NA,NA,NA,NA,NA,NA,NA,NA,NA,NA
NA,NA,NA,NA,NA,NA,NA,NA,NA,NA,NA,NA,NA,NA,NA,NA,NA,NA,NA,NA,NA,NA,NA,NA,NA,NA,YPL020C,NA,NA,NA,NA,NA,NA,NA,NA,NA,NA,NA,NA,NA,NA,NA,NA,NA,NA,NA,NA,NA,NA,NA,NA,NA,NA,NA,NA,NA,NA,NA,NA,NA,NA,NA,NA,NA,NA
NA,NA,NA,NA,NA,NA,NA,NA,NA,NA,NA,NA,NA,NA,NA,NA,NA,NA,NA,NA,NA,NA,NA,NA,NA,NA,YPL024W,NA,NA,NA,NA,NA,NA,NA,NA,NA,NA,NA,NA,NA,NA,NA,NA,NA,NA,NA,NA,NA,NA,NA,NA,NA,NA,NA,NA,NA,NA,NA,NA,NA,NA,NA,NA,NA,NA
NA,NA,NA,NA,NA,NA,NA,NA,NA,NA,NA,NA,NA,NA,NA,NA,NA,NA,NA,NA,NA,NA,NA,NA,NA,NA,YPL054W,NA,NA,NA,NA,NA,NA,NA,NA,NA,NA,NA,NA,NA,NA,NA,NA,NA,NA,NA,NA,NA,NA,NA,NA,NA,NA,NA,NA,NA,NA,NA,NA,NA,NA,NA,NA,NA,NA
NA,NA,NA,NA,NA,NA,NA,NA,NA,NA,NA,NA,NA,NA,NA,NA,NA,NA,NA,NA,NA,NA,NA,NA,NA,NA,YPL055C,NA,NA,NA,NA,NA,NA,NA,NA,NA,NA,NA,NA,NA,NA,NA,NA,NA,NA,NA,NA,NA,NA,NA,NA,NA,NA,NA,NA,NA,NA,NA,NA,NA,NA,NA,NA,NA,NA
NA,NA,NA,NA,NA,NA,NA,NA,NA,NA,NA,NA,NA,NA,NA,NA,NA,NA,NA,NA,NA,NA,NA,NA,NA,NA,YPL057C,NA,NA,NA,NA,NA,NA,NA,NA,NA,NA,NA,NA,NA,NA,NA,NA,NA,NA,NA,NA,NA,NA,NA,NA,NA,NA,NA,NA,NA,NA,NA,NA,NA,NA,NA,NA,NA,NA
NA,NA,NA,NA,NA,NA,NA,NA,NA,NA,NA,NA,NA,NA,NA,NA,NA,NA,NA,NA,NA,NA,NA,NA,NA,NA,YPL082C,NA,NA,NA,NA,NA,NA,NA,NA,NA,NA,NA,NA,NA,NA,NA,NA,NA,NA,NA,NA,NA,NA,NA,NA,NA,NA,NA,NA,NA,NA,NA,NA,NA,NA,NA,NA,NA,NA
NA,NA,NA,NA,NA,NA,NA,NA,NA,NA,NA,NA,NA,NA,NA,NA,NA,NA,NA,NA,NA,NA,NA,NA,NA,NA,YPL085W,NA,NA,NA,NA,NA,NA,NA,NA,NA,NA,NA,NA,NA,NA,NA,NA,NA,NA,NA,NA,NA,NA,NA,NA,NA,NA,NA,NA,NA,NA,NA,NA,NA,NA,NA,NA,NA,NA
NA,NA,NA,NA,NA,NA,NA,NA,NA,NA,NA,NA,NA,NA,NA,NA,NA,NA,NA,NA,NA,NA,NA,NA,NA,NA,YPL111W,NA,NA,NA,NA,NA,NA,NA,NA,NA,NA,NA,NA,NA,NA,NA,NA,NA,NA,NA,NA,NA,NA,NA,NA,NA,NA,NA,NA,NA,NA,NA,NA,NA,NA,NA,NA,NA,NA
NA,NA,NA,NA,NA,NA,NA,NA,NA,NA,NA,NA,NA,NA,NA,NA,NA,NA,NA,NA,NA,NA,NA,NA,NA,NA,YPL123C,NA,NA,NA,NA,NA,NA,NA,NA,NA,NA,NA,NA,NA,NA,NA,NA,NA,NA,NA,NA,NA,NA,NA,NA,NA,NA,NA,NA,NA,NA,NA,NA,NA,NA,NA,NA,NA,NA
NA,NA,NA,NA,NA,NA,NA,NA,NA,NA,NA,NA,NA,NA,NA,NA,NA,NA,NA,NA,NA,NA,NA,NA,NA,NA,YPL130W,NA,NA,NA,NA,NA,NA,NA,NA,NA,NA,NA,NA,NA,NA,NA,NA,NA,NA,NA,NA,NA,NA,NA,NA,NA,NA,NA,NA,NA,NA,NA,NA,NA,NA,NA,NA,NA,NA
NA,NA,NA,NA,NA,NA,NA,NA,NA,NA,NA,NA,NA,NA,NA,NA,NA,NA,NA,NA,NA,NA,NA,NA,NA,NA,YPL150W,NA,NA,NA,NA,NA,NA,NA,NA,NA,NA,NA,NA,NA,NA,NA,NA,NA,NA,NA,NA,NA,NA,NA,NA,NA,NA,NA,NA,NA,NA,NA,NA,NA,NA,NA,NA,NA,NA
NA,NA,NA,NA,NA,NA,NA,NA,NA,NA,NA,NA,NA,NA,NA,NA,NA,NA,NA,NA,NA,NA,NA,NA,NA,NA,YPL152W,NA,NA,NA,NA,NA,NA,NA,NA,NA,NA,NA,NA,NA,NA,NA,NA,NA,NA,NA,NA,NA,NA,NA,NA,NA,NA,NA,NA,NA,NA,NA,NA,NA,NA,NA,NA,NA,NA
NA,NA,NA,NA,NA,NA,NA,NA,NA,NA,NA,NA,NA,NA,NA,NA,NA,NA,NA,NA,NA,NA,NA,NA,NA,NA,YPL155C,NA,NA,NA,NA,NA,NA,NA,NA,NA,NA,NA,NA,NA,NA,NA,NA,NA,NA,NA,NA,NA,NA,NA,NA,NA,NA,NA,NA,NA,NA,NA,NA,NA,NA,NA,NA,NA,NA
NA,NA,NA,NA,NA,NA,NA,NA,NA,NA,NA,NA,NA,NA,NA,NA,NA,NA,NA,NA,NA,NA,NA,NA,NA,NA,YPL158C,NA,NA,NA,NA,NA,NA,NA,NA,NA,NA,NA,NA,NA,NA,NA,NA,NA,NA,NA,NA,NA,NA,NA,NA,NA,NA,NA,NA,NA,NA,NA,NA,NA,NA,NA,NA,NA,NA
NA,NA,NA,NA,NA,NA,NA,NA,NA,NA,NA,NA,NA,NA,NA,NA,NA,NA,NA,NA,NA,NA,NA,NA,NA,NA,YPL164C,NA,NA,NA,NA,NA,NA,NA,NA,NA,NA,NA,NA,NA,NA,NA,NA,NA,NA,NA,NA,NA,NA,NA,NA,NA,NA,NA,NA,NA,NA,NA,NA,NA,NA,NA,NA,NA,NA
NA,NA,NA,NA,NA,NA,NA,NA,NA,NA,NA,NA,NA,NA,NA,NA,NA,NA,NA,NA,NA,NA,NA,NA,NA,NA,YPL180W,NA,NA,NA,NA,NA,NA,NA,NA,NA,NA,NA,NA,NA,NA,NA,NA,NA,NA,NA,NA,NA,NA,NA,NA,NA,NA,NA,NA,NA,NA,NA,NA,NA,NA,NA,NA,NA,NA
NA,NA,NA,NA,NA,NA,NA,NA,NA,NA,NA,NA,NA,NA,NA,NA,NA,NA,NA,NA,NA,NA,NA,NA,NA,NA,YPL190C,NA,NA,NA,NA,NA,NA,NA,NA,NA,NA,NA,NA,NA,NA,NA,NA,NA,NA,NA,NA,NA,NA,NA,NA,NA,NA,NA,NA,NA,NA,NA,NA,NA,NA,NA,NA,NA,NA
NA,NA,NA,NA,NA,NA,NA,NA,NA,NA,NA,NA,NA,NA,NA,NA,NA,NA,NA,NA,NA,NA,NA,NA,NA,NA,YPL213W,NA,NA,NA,NA,NA,NA,NA,NA,NA,NA,NA,NA,NA,NA,NA,NA,NA,NA,NA,NA,NA,NA,NA,NA,NA,NA,NA,NA,NA,NA,NA,NA,NA,NA,NA,NA,NA,NA
NA,NA,NA,NA,NA,NA,NA,NA,NA,NA,NA,NA,NA,NA,NA,NA,NA,NA,NA,NA,NA,NA,NA,NA,NA,NA,YPL222W,NA,NA,NA,NA,NA,NA,NA,NA,NA,NA,NA,NA,NA,NA,NA,NA,NA,NA,NA,NA,NA,NA,NA,NA,NA,NA,NA,NA,NA,NA,NA,NA,NA,NA,NA,NA,NA,NA
NA,NA,NA,NA,NA,NA,NA,NA,NA,NA,NA,NA,NA,NA,NA,NA,NA,NA,NA,NA,NA,NA,NA,NA,NA,NA,YPL272C,NA,NA,NA,NA,NA,NA,NA,NA,NA,NA,NA,NA,NA,NA,NA,NA,NA,NA,NA,NA,NA,NA,NA,NA,NA,NA,NA,NA,NA,NA,NA,NA,NA,NA,NA,NA,NA,NA
NA,NA,NA,NA,NA,NA,NA,NA,NA,NA,NA,NA,NA,NA,NA,NA,NA,NA,NA,NA,NA,NA,NA,NA,NA,NA,YPR101W,NA,NA,NA,NA,NA,NA,NA,NA,NA,NA,NA,NA,NA,NA,NA,NA,NA,NA,NA,NA,NA,NA,NA,NA,NA,NA,NA,NA,NA,NA,NA,NA,NA,NA,NA,NA,NA,NA
NA,NA,NA,NA,NA,NA,NA,NA,NA,NA,NA,NA,NA,NA,NA,NA,NA,NA,NA,NA,NA,NA,NA,NA,NA,NA,YPR106W,NA,NA,NA,NA,NA,NA,NA,NA,NA,NA,NA,NA,NA,NA,NA,NA,NA,NA,NA,NA,NA,NA,NA,NA,NA,NA,NA,NA,NA,NA,NA,NA,NA,NA,NA,NA,NA,NA
NA,NA,NA,NA,NA,NA,NA,NA,NA,NA,NA,NA,NA,NA,NA,NA,NA,NA,NA,NA,NA,NA,NA,NA,NA,NA,YPR135W,NA,NA,NA,NA,NA,NA,NA,NA,NA,NA,NA,NA,NA,NA,NA,NA,NA,NA,NA,NA,NA,NA,NA,NA,NA,NA,NA,NA,NA,NA,NA,NA,NA,NA,NA,NA,NA,NA
NA,NA,NA,NA,NA,NA,NA,NA,NA,NA,NA,NA,NA,NA,NA,NA,NA,NA,NA,NA,NA,NA,NA,NA,NA,NA,YPR141C,NA,NA,NA,NA,NA,NA,NA,NA,NA,NA,NA,NA,NA,NA,NA,NA,NA,NA,NA,NA,NA,NA,NA,NA,NA,NA,NA,NA,NA,NA,NA,NA,NA,NA,NA,NA,NA,NA
NA,NA,NA,NA,NA,NA,NA,NA,NA,NA,NA,NA,NA,NA,NA,NA,NA,NA,NA,NA,NA,NA,NA,NA,NA,NA,YPR152C,NA,NA,NA,NA,NA,NA,NA,NA,NA,NA,NA,NA,NA,NA,NA,NA,NA,NA,NA,NA,NA,NA,NA,NA,NA,NA,NA,NA,NA,NA,NA,NA,NA,NA,NA,NA,NA,NA
NA,NA,NA,NA,NA,NA,NA,NA,NA,NA,NA,NA,NA,NA,NA,NA,NA,NA,NA,NA,NA,NA,NA,NA,NA,NA,YPR162C,NA,NA,NA,NA,NA,NA,NA,NA,NA,NA,NA,NA,NA,NA,NA,NA,NA,NA,NA,NA,NA,NA,NA,NA,NA,NA,NA,NA,NA,NA,NA,NA,NA,NA,NA,NA,NA,NA
