type,description,log10(pg/ml),name,"protein length (residue)","protein mass (g/mol)",logm(residue),"residue mass (g/mol)",name2,note
hemoglobin,Hemoglobin,11.21,HBA,142,15257.5478,0.168079739769915,107.44751971831,HBB,
plasma,Albumin,10.71,ALBU,609,69366.67932,-0.35725747747151,113.902593300493,,
plasma,"IgG Total",10.09,IGHG1,330,36105.9122,-0.959788247242379,109.411855151515,"IGHG2,IGHG3,IGHG4",
plasma,Transferrin,9.59,TRFE,698,77049.86328,-1.46364031519626,110.386623610315,,
plasma,Fibrinogen,9.52,FIBA,866,94973.0332,-1.53080628187408,109.668629561201,"FIBB,FIBG",
plasma,"IgA Total",9.48,IGHA1,353,37654.64416,-1.55876770783618,106.670380056657,IGHA2,
plasma,Alpha-2-Macroglobulin,9.48,A2MG,1474,163291.9764,-1.57519122740875,110.781530800543,,
plasma,"IgM Total",9.38,IGJ,159,18098.58788,-1.68697143197099,113.82759672956,,"Immunoglobulin J chain"
plasma,Alpha-1-Antitrypsin,9.31,A1AT,418,46736.55112,-1.749204244501,111.809930909091,,
plasma,"C3 Complement",9.27,CO3,1663,187148.05644,-1.79201693743426,112.536413974744,,
plasma,Haptoglobin,9.27,HPT,406,45205.30384,-1.78738722444259,111.343112906404,,
plasma,"Apolipoprotein A-1",9.21,APOA1,267,30777.83192,-1.86245062763365,115.272778726592,,
plasma,"Apolipoprotein B",9.1,APOB,4563,515604.72228,-1.96379028290086,112.996870979619,,
plasma,"Alpha-1-acid Glycoprotein",9.04,A1AG1,201,23511.56088,-2.03880926989371,116.972939701493,A1AG2,
plasma,Lipoprotein(a),8.93,APOA,4548,501319.10028,-2.12301766094341,110.228474116095,,Apolipoprotein(a)
plasma,"Factor H",8.77,CFAH,1231,139096.3064,-2.29378141023542,112.994562469537,,"Complement factor H"
plasma,Ceruloplasmin,8.77,CERU,1065,122205.18396,-2.30046388674344,114.746651605634,,
plasma,"C4 Complement",8.72,CO4A,1744,192771.45244,-2.33422010437371,110.534089701835,CO4B,
plasma,"Complement Factor B",8.6,CFAB,764,85532.8706,-2.45976355460598,111.954019109948,,
plasma,Prealbumin,8.6,,,,,,,"[associated with Albumin]"
plasma,"C9 Complement",8.56,CO9,559,63173.37372,-2.50384612814446,113.011402003578,,
plasma,"C1q Complement",8.35,C1QA,245,26016.56656,-2.68680776262889,106.190067591837,"C1QB,C1QC",
plasma,"C8 Complement",8.24,CO8B,591,67046.87124,-2.82551490070399,113.446482639594,CO8G,
plasma,"C5 Complement",8.18,CO5,1676,188305.2884,-2.88131236809074,112.353990692124,,
plasma,Plasminogen,8.18,PLMN,810,90568.98392,-2.87921834199782,111.813560395062,,
plasma,IgD,8.14,IGHD,384,42253.70664,-2.91225745378188,110.035694375,,
plasma,"C1 Inhibitor",8.03,IC1,500,55154.18652,-3.02333234453237,110.30837304,,
plasma,"C6 Complement",8.03,CO6,934,104786.06108,-3.03068050464665,112.190643554604,,
plasma,"C7 Complement",7.93,CO7,843,93518.23264,-3.12579258145772,110.935032787663,,
plasma,"Complement Factor I",7.8,CFAI,583,65720.22944,-3.26275438159104,112.727666277873,,
plasma,"Retinol Binding Protein",7.8,RET4,201,23010.00756,-3.26944456932857,114.477649552239,"RET1,RET2,RET3,RET5",
plasma,iC3b,7.43,,,,,,,"[associated with C3 Complement]"
plasma,"Thyroxin Binding Globulin",7.43,THBG,415,46324.50264,-3.62848653392128,111.625307566265,,"Thyroxine-binding globulin"
plasma,"C2 Complement Protein",7.34,CO2,752,83267.83072,-3.71498327543651,110.728498297872,,
plasma,"Thrombus Precursor Protein",6.72,,,,,,,"[not found]"
plasma,"C-reactive Protein",6.68,CRP,224,25038.57444,-4.37908544593843,111.779350178571,,
plasma,"Bb Fragment",6.13,,,,,,,"[associated with B Complement]"
tissue,"C3a Complement Protein",5.55,,,,,,,"[associated with C3 Complement]"
tissue,Ferritin,5.45,FRIL,175,20019.67464,-5.61914283174684,114.3981408,FRIH,"Ferritin light chain"
tissue,Rantes,5.45,CCL5,91,9989.66004,-5.60123318199093,109.776483956044,,"C-C motif chemokine 5"
tissue,"SC5-b9 Complex",5.38,,,,,,,"[not found]"
tissue,Myoglobin,4.86,MYG,154,17183.80636,-6.19832251464685,111.583158181818,,
tissue,Thyroglobulin,4.76,THYG,2768,304790.25372,-6.29255885505907,110.112085881503,,
tissue,TPA,4.09,TPA,562,62917.05784,-6.96975595554561,111.952060213523,,"Tissue-type plasminogen activator"
tissue,"C5a Complement",4.05,,,,,,,"[asociated with C5 Complement]"
tissue,"Neuron-Specific Enolase",3.95,ENOG,434,47268.57768,-7.09780667037975,108.913773456221,,Gamma-enolase
tissue,C-Peptide,3.94,,,,,,,"[not found; insulin propeptide]"
tissue,Alpha-fetoprotein,3.74,FETA,609,68677.56632,-7.32292146972359,112.771044860427,,
tissue,"TNF-Binding Proteins",3.57,TNR1A,455,50494.8654,-7.48595968760939,110.977726153846,,"Tumor necrosis factor receptor superfamily member 1A"
tissue,"Prostate-Specific Antigen",3.57,KLK3,261,28741.2926,-7.48258965408635,110.119895019157,,
tissue,"Prostatic Acid Phosphatase",3.46,PPAP,386,44566.1116,-7.6131413041997,115.456247668394,,
tissue,CEA,3.42,CEAM5,702,76795.63144,-7.62972326892547,109.395486381766,,"Carcinoembryonic antigen-related cell adhesion molecule 5"
tissue,"Myelin Basic Protein",3.42,MBP,304,33117.0954,-7.62790252091429,108.937813815789,,
tissue,"Troponin I",3.25,TNNI1,187,21692.3386,-7.82518863365999,116.001810695187,TNNI2,"Troponin I, slow skeletal muscle"
interleukin,Interleukin-1ra,3.15,IL1RA,177,20054.99248,-7.9149731025007,113.305042259887,,"Interleukin-1 receptor antagonist protein"
interleukin,"MIP-1 beta",2.17,CCL4,92,10211.83532,-8.88603984063437,110.99821,,"C-C motif chemokine 4"
interleukin,"Troponin T",1.92,TNNT1,278,32948.15752,-9.16451020308446,118.518552230216,,
interleukin,Interleukin-8,1.92,IL8,99,11098.1222,-9.14033817325953,112.102244444444,,
interleukin,"MIP-1 alpha",1.8,CCL3,92,10085.4894,-9.25063301531612,109.624884782609,,"C-C motif chemokine 3"
interleukin,"Tissue Factor",1.75,TF,295,33067.51952,-9.31030346799893,112.093286508475,,
interleukin,GCSF,1.69,CSF3,207,22292.94232,-9.35292091228271,107.69537352657,,"Granulocyte colony-stimulating factor"
interleukin,"Interferon Alpha",1.59,IFNA2,188,21549.99204,-9.48001313020792,114.627617234043,"IFNA1,INFA4,IFNA8,INFA16",
interleukin,Interleukin-2,1.42,IL2,153,17627.715,-9.65222845491626,115.213823529412,,
interleukin,Interleukin-4,1.42,IL4,153,17492.25996,-9.64887835753207,114.328496470588,,
interleukin,TNF-Alpha,1.21,TNFA,233,25644.4174,-9.84236078140608,110.061877253219,,
interleukin,"Interferon Gamma",1.21,IFNG,166,19348.3034,-9.86725866627657,116.556044578313,,
interleukin,"Interleukin-1 Beta",1.1,IL1B,269,30747.90472,-9.96878711201964,114.304478513011,,
interleukin,Interleukin-12,0.94,IL12A,219,24874.0314,-10.1260259287805,113.580052054795,IL12B,
interleukin,Interleukin-10,0.83,IL10,178,20516.76412,-10.2424127285068,115.262719775281,,
interleukin,Interleukin-5,0.83,IL5,134,15237.82224,-10.2365419699405,113.715091343284,,
interleukin,Interleukin-6,0.62,IL6,212,23718.2214,-10.4394701231718,111.878402830189,,
